scenario,threshold,accuracy,balanced_accuracy,precision,recall,f1,f2,roc_auc,pr_auc,brier_score,clinical_utility,true_negatives,false_positives,false_negatives,true_positives
max_f2,0.16,0.6213333333333333,0.5594476744186047,0.6045845272206304,0.9813953488372092,0.74822695035461,0.8726220016542597,0.7648255813953488,0.8135887211399848,0.1965995456980438,885.0,22.0,138.0,4.0,211.0
max_recall,0.05,0.5733333333333334,0.5,0.5733333333333334,1.0,0.7288135593220338,0.8704453441295547,0.7648255813953488,0.8135887211399848,0.1965995456980438,915.0,0.0,160.0,0.0,215.0
max_clinical_utility,0.05,0.5733333333333334,0.5,0.5733333333333334,1.0,0.7288135593220338,0.8704453441295547,0.7648255813953488,0.8135887211399848,0.1965995456980438,915.0,0.0,160.0,0.0,215.0
recall_with_precision_floor_0_30,0.05,0.5733333333333334,0.5,0.5733333333333334,1.0,0.7288135593220338,0.8704453441295547,0.7648255813953488,0.8135887211399848,0.1965995456980438,915.0,0.0,160.0,0.0,215.0
precision_with_recall_floor_0_80,0.42,0.704,0.6867005813953488,0.7148760330578512,0.8046511627906977,0.7571115973741794,0.7849364791288567,0.7648255813953488,0.8135887211399848,0.1965995456980438,460.0,91.0,69.0,42.0,173.0
