model,validation_f2,validation_recall,validation_pr_auc,validation_brier_score,weight
random_forest,0.8704453441295547,1.0,0.8151172270371652,0.1993317720953715,0.2505199222546161
extra_trees,0.8704453441295547,1.0,0.7958561351448998,0.20392617977812252,0.2505199222546161
logistic_regression,0.8704453441295547,1.0,0.7850416227145942,0.2080084811252031,0.2505199222546161
hist_gradient_boosting,0.8632193494578816,0.9627906976744186,0.7993134575421657,0.22467939479147753,0.2484402332361516
