model,split,include_survival_months,scenario,threshold,accuracy,balanced_accuracy,precision,recall,f1,f2,roc_auc,pr_auc,brier_score,clinical_utility,true_negatives,false_positives,false_negatives,true_positives
logistic_regression,validation,True,max_f2,0.14,0.6506666666666666,0.5938226744186046,0.6242603550295858,0.9813953488372092,0.7631103074141049,0.8806343906510852,0.8095058139534884,0.8516582843389816,0.17616207505233342,896.0,33.0,127.0,4.0,211.0
logistic_regression,validation,True,max_recall,0.05,0.592,0.521875,0.5842391304347826,1.0,0.7375643224699828,0.8754071661237784,0.8095058139534884,0.8516582843389816,0.17616207505233342,922.0,7.0,153.0,0.0,215.0
logistic_regression,validation,True,max_clinical_utility,0.05,0.592,0.521875,0.5842391304347826,1.0,0.7375643224699828,0.8754071661237784,0.8095058139534884,0.8516582843389816,0.17616207505233342,922.0,7.0,153.0,0.0,215.0
logistic_regression,validation,True,recall_with_precision_floor_0_30,0.05,0.592,0.521875,0.5842391304347826,1.0,0.7375643224699828,0.8754071661237784,0.8095058139534884,0.8516582843389816,0.17616207505233342,922.0,7.0,153.0,0.0,215.0
logistic_regression,validation,True,precision_with_recall_floor_0_80,0.39,0.7386666666666667,0.728125,0.7577092511013216,0.8,0.7782805429864253,0.7911683532658693,0.8095058139534884,0.8516582843389816,0.17616207505233342,461.0,105.0,55.0,43.0,172.0
