model,split,include_survival_months,scenario,threshold,accuracy,balanced_accuracy,precision,recall,f1,f2,roc_auc,pr_auc,brier_score,clinical_utility,true_negatives,false_positives,false_negatives,true_positives
ada_boost,validation,False,max_f2,0.05,0.5733333333333334,0.5,0.5733333333333334,1.0,0.7288135593220338,0.8704453441295547,0.7460465116279069,0.8053647248513707,0.2049797844864695,915.0,0.0,160.0,0.0,215.0
ada_boost,validation,False,max_recall,0.05,0.5733333333333334,0.5,0.5733333333333334,1.0,0.7288135593220338,0.8704453441295547,0.7460465116279069,0.8053647248513707,0.2049797844864695,915.0,0.0,160.0,0.0,215.0
ada_boost,validation,False,max_clinical_utility,0.05,0.5733333333333334,0.5,0.5733333333333334,1.0,0.7288135593220338,0.8704453441295547,0.7460465116279069,0.8053647248513707,0.2049797844864695,915.0,0.0,160.0,0.0,215.0
ada_boost,validation,False,recall_with_precision_floor_0_30,0.05,0.5733333333333334,0.5,0.5733333333333334,1.0,0.7288135593220338,0.8704453441295547,0.7460465116279069,0.8053647248513707,0.2049797844864695,915.0,0.0,160.0,0.0,215.0
ada_boost,validation,False,precision_with_recall_floor_0_80,0.46,0.6773333333333333,0.6498546511627907,0.6766917293233082,0.8372093023255814,0.7484407484407485,0.7992895204262878,0.7460465116279069,0.8053647248513707,0.2049797844864695,534.0,74.0,86.0,35.0,180.0
