model,split,include_survival_months,threshold,accuracy,balanced_accuracy,precision,recall,f1,f2,roc_auc,pr_auc,brier_score,clinical_utility,true_negatives,false_positives,false_negatives,true_positives
gradient_boosting,test,False,0.5,0.7047872340425532,0.6895998844431604,0.7184873949579832,0.7953488372093023,0.7549668874172185,0.7786885245901639,0.7542683807597862,0.7600431972673151,0.19666940138832975,436.0,94,67,44,171
ada_boost,test,False,0.5,0.6648936170212766,0.6469160768452983,0.6831275720164609,0.772093023255814,0.7248908296943232,0.7524932003626473,0.7074389715441284,0.7300797347305972,0.21731801992763417,361.0,84,77,49,166
svm_calibrated,test,False,0.5,0.675531914893617,0.6632384804275603,0.7030567685589519,0.7488372093023256,0.7252252252252253,0.7392102846648301,0.7040300447782752,0.7253384667836602,0.21429220220391434,305.0,93,68,54,161
hist_gradient_boosting,test,False,0.5,0.675531914893617,0.6640184890943233,0.7048458149779736,0.7441860465116279,0.7239819004524887,0.7359705611775529,0.7301747797197746,0.7678698446856081,0.23298558233200498,293.0,94,67,55,160
extra_trees,test,False,0.5,0.6728723404255319,0.6663729596995522,0.7149532710280374,0.7116279069767442,0.7132867132867133,0.7122905027932961,0.7259569550772786,0.7580610822511562,0.20953738560512666,208.0,100,61,62,153
mlp,test,False,0.5,0.625,0.6128123645818286,0.6637168141592921,0.6976744186046512,0.6802721088435374,0.6906077348066298,0.6743897154412826,0.7036506046905056,0.32688137311370785,154.0,85,76,65,150
random_forest,test,False,0.5,0.6622340425531915,0.6594106601184457,0.7156862745098039,0.6790697674418604,0.6968973747016707,0.6860902255639098,0.7285569839664885,0.7515997472765158,0.20900194834333563,120.0,103,58,69,146
logistic_regression,test,False,0.5,0.6382978723404256,0.6439404882276469,0.7182320441988951,0.6046511627906976,0.6565656565656566,0.6243996157540826,0.7054456160624006,0.7242792721524547,0.22545506247129138,-81.0,110,51,85,130
