model,split,include_survival_months,scenario,threshold,accuracy,balanced_accuracy,precision,recall,f1,f2,roc_auc,pr_auc,brier_score,clinical_utility,true_negatives,false_positives,false_negatives,true_positives
mlp,validation,True,max_f2,0.05,0.688,0.6631540697674418,0.6884615384615385,0.8325581395348837,0.7536842105263157,0.7991071428571429,0.761860465116279,0.7987058254071888,0.25468723888810796,526.0,79.0,81.0,36.0,179.0
mlp,validation,True,max_recall,0.05,0.688,0.6631540697674418,0.6884615384615385,0.8325581395348837,0.7536842105263157,0.7991071428571429,0.761860465116279,0.7987058254071888,0.25468723888810796,526.0,79.0,81.0,36.0,179.0
mlp,validation,True,max_clinical_utility,0.05,0.688,0.6631540697674418,0.6884615384615385,0.8325581395348837,0.7536842105263157,0.7991071428571429,0.761860465116279,0.7987058254071888,0.25468723888810796,526.0,79.0,81.0,36.0,179.0
mlp,validation,True,recall_with_precision_floor_0_30,0.05,0.688,0.6631540697674418,0.6884615384615385,0.8325581395348837,0.7536842105263157,0.7991071428571429,0.761860465116279,0.7987058254071888,0.25468723888810796,526.0,79.0,81.0,36.0,179.0
mlp,validation,True,precision_with_recall_floor_0_80,0.16,0.7066666666666667,0.6898255813953489,0.7178423236514523,0.8046511627906977,0.7587719298245614,0.7856494096276113,0.761860465116279,0.7987058254071888,0.25468723888810796,461.0,92.0,68.0,42.0,173.0
