model,split,include_survival_months,scenario,threshold,accuracy,balanced_accuracy,precision,recall,f1,f2,roc_auc,pr_auc,brier_score,clinical_utility,true_negatives,false_positives,false_negatives,true_positives
hist_gradient_boosting,validation,False,max_f2,0.05,0.6266666666666667,0.5688953488372093,0.6106194690265486,0.9627906976744186,0.7472924187725631,0.8632193494578816,0.7452325581395348,0.7993134575421657,0.22467939479147753,839.0,28.0,132.0,8.0,207.0
hist_gradient_boosting,validation,False,max_recall,0.05,0.6266666666666667,0.5688953488372093,0.6106194690265486,0.9627906976744186,0.7472924187725631,0.8632193494578816,0.7452325581395348,0.7993134575421657,0.22467939479147753,839.0,28.0,132.0,8.0,207.0
hist_gradient_boosting,validation,False,max_clinical_utility,0.05,0.6266666666666667,0.5688953488372093,0.6106194690265486,0.9627906976744186,0.7472924187725631,0.8632193494578816,0.7452325581395348,0.7993134575421657,0.22467939479147753,839.0,28.0,132.0,8.0,207.0
hist_gradient_boosting,validation,False,recall_with_precision_floor_0_30,0.05,0.6266666666666667,0.5688953488372093,0.6106194690265486,0.9627906976744186,0.7472924187725631,0.8632193494578816,0.7452325581395348,0.7993134575421657,0.22467939479147753,839.0,28.0,132.0,8.0,207.0
hist_gradient_boosting,validation,False,precision_with_recall_floor_0_80,0.33,0.6826666666666666,0.6625000000000001,0.6935483870967742,0.8,0.7429805615550756,0.776173285198556,0.7452325581395348,0.7993134575421657,0.22467939479147753,440.0,84.0,76.0,43.0,172.0
