model,split,include_survival_months,scenario,threshold,accuracy,balanced_accuracy,precision,recall,f1,f2,roc_auc,pr_auc,brier_score,clinical_utility,true_negatives,false_positives,false_negatives,true_positives
gradient_boosting,validation,False,max_f2,0.05,0.5733333333333334,0.5,0.5733333333333334,1.0,0.7288135593220338,0.8704453441295547,0.7661337209302326,0.8210055207760634,0.19543406197145236,915.0,0.0,160.0,0.0,215.0
gradient_boosting,validation,False,max_recall,0.05,0.5733333333333334,0.5,0.5733333333333334,1.0,0.7288135593220338,0.8704453441295547,0.7661337209302326,0.8210055207760634,0.19543406197145236,915.0,0.0,160.0,0.0,215.0
gradient_boosting,validation,False,max_clinical_utility,0.05,0.5733333333333334,0.5,0.5733333333333334,1.0,0.7288135593220338,0.8704453441295547,0.7661337209302326,0.8210055207760634,0.19543406197145236,915.0,0.0,160.0,0.0,215.0
gradient_boosting,validation,False,recall_with_precision_floor_0_30,0.05,0.5733333333333334,0.5,0.5733333333333334,1.0,0.7288135593220338,0.8704453441295547,0.7661337209302326,0.8210055207760634,0.19543406197145236,915.0,0.0,160.0,0.0,215.0
gradient_boosting,validation,False,precision_with_recall_floor_0_80,0.43,0.6933333333333334,0.6670058139534883,0.6893939393939394,0.8465116279069768,0.7599164926931107,0.8096085409252669,0.7661337209302326,0.8210055207760634,0.19543406197145236,564.0,78.0,82.0,33.0,182.0
