model,split,include_survival_months,scenario,threshold,accuracy,balanced_accuracy,precision,recall,f1,f2,roc_auc,pr_auc,brier_score,clinical_utility,true_negatives,false_positives,false_negatives,true_positives
logistic_regression,validation,False,max_f2,0.05,0.5733333333333334,0.5,0.5733333333333334,1.0,0.7288135593220338,0.8704453441295547,0.743982558139535,0.7850416227145942,0.2080084811252031,915.0,0.0,160.0,0.0,215.0
logistic_regression,validation,False,max_recall,0.05,0.5733333333333334,0.5,0.5733333333333334,1.0,0.7288135593220338,0.8704453441295547,0.743982558139535,0.7850416227145942,0.2080084811252031,915.0,0.0,160.0,0.0,215.0
logistic_regression,validation,False,max_clinical_utility,0.05,0.5733333333333334,0.5,0.5733333333333334,1.0,0.7288135593220338,0.8704453441295547,0.743982558139535,0.7850416227145942,0.2080084811252031,915.0,0.0,160.0,0.0,215.0
logistic_regression,validation,False,recall_with_precision_floor_0_30,0.05,0.5733333333333334,0.5,0.5733333333333334,1.0,0.7288135593220338,0.8704453441295547,0.743982558139535,0.7850416227145942,0.2080084811252031,915.0,0.0,160.0,0.0,215.0
logistic_regression,validation,False,precision_with_recall_floor_0_80,0.34,0.6826666666666666,0.657703488372093,0.6846153846153846,0.827906976744186,0.7494736842105263,0.7946428571428571,0.743982558139535,0.7850416227145942,0.2080084811252031,512.0,78.0,82.0,37.0,178.0
