model,split,include_survival_months,scenario,threshold,accuracy,balanced_accuracy,precision,recall,f1,f2,roc_auc,pr_auc,brier_score,clinical_utility,true_negatives,false_positives,false_negatives,true_positives
svm_calibrated,test,False,max_f2,0.29,0.6303191489361702,0.5698829986999856,0.6085714285714285,0.9906976744186047,0.7539823008849558,0.8801652892561983,0.7040300447782752,0.7253384667836602,0.21429220220391434,912.0,24.0,137.0,2.0,213.0
svm_calibrated,test,False,max_recall,0.19,0.5851063829787234,0.515527950310559,0.5795148247978437,1.0,0.7337883959044369,0.8732737611697806,0.7040300447782752,0.7253384667836602,0.21429220220391434,919.0,5.0,156.0,0.0,215.0
svm_calibrated,test,False,max_clinical_utility,0.19,0.5851063829787234,0.515527950310559,0.5795148247978437,1.0,0.7337883959044369,0.8732737611697806,0.7040300447782752,0.7253384667836602,0.21429220220391434,919.0,5.0,156.0,0.0,215.0
svm_calibrated,test,False,recall_with_precision_floor_0_30,0.19,0.5851063829787234,0.515527950310559,0.5795148247978437,1.0,0.7337883959044369,0.8732737611697806,0.7040300447782752,0.7253384667836602,0.21429220220391434,919.0,5.0,156.0,0.0,215.0
svm_calibrated,test,False,precision_with_recall_floor_0_80,0.47,0.675531914893617,0.6546583850931678,0.6852589641434262,0.8,0.7381974248927039,0.774077407740774,0.7040300447782752,0.7253384667836602,0.21429220220391434,437.0,82.0,79.0,43.0,172.0
