model,split,include_survival_months,scenario,threshold,accuracy,balanced_accuracy,precision,recall,f1,f2,roc_auc,pr_auc,brier_score,clinical_utility,true_negatives,false_positives,false_negatives,true_positives
gradient_boosting,test,True,max_f2,0.27,0.7287234042553191,0.688689874331937,0.6864686468646864,0.9674418604651163,0.803088803088803,0.8942390369733448,0.8450382782030911,0.851736016178274,0.15636533645418693,889.0,66.0,95.0,7.0,208.0
gradient_boosting,test,True,max_recall,0.16,0.6409574468085106,0.5807453416149069,0.6142857142857143,1.0,0.7610619469026548,0.8884297520661157,0.8450382782030911,0.851736016178274,0.15636533645418693,940.0,26.0,135.0,0.0,215.0
gradient_boosting,test,True,max_clinical_utility,0.16,0.6409574468085106,0.5807453416149069,0.6142857142857143,1.0,0.7610619469026548,0.8884297520661157,0.8450382782030911,0.851736016178274,0.15636533645418693,940.0,26.0,135.0,0.0,215.0
gradient_boosting,test,True,recall_with_precision_floor_0_30,0.16,0.6409574468085106,0.5807453416149069,0.6142857142857143,1.0,0.7610619469026548,0.8884297520661157,0.8450382782030911,0.851736016178274,0.15636533645418693,940.0,26.0,135.0,0.0,215.0
gradient_boosting,test,True,precision_with_recall_floor_0_80,0.53,0.7872340425531915,0.7804131157012856,0.8054298642533937,0.827906976744186,0.8165137614678899,0.8233117483811286,0.8450382782030911,0.851736016178274,0.15636533645418693,551.0,118.0,43.0,37.0,178.0
