model,split,include_survival_months,scenario,threshold,accuracy,balanced_accuracy,precision,recall,f1,f2,roc_auc,pr_auc,brier_score,clinical_utility,true_negatives,false_positives,false_negatives,true_positives
extra_trees,validation,True,max_f2,0.14,0.6053333333333333,0.5375,0.5922865013774105,1.0,0.7439446366782007,0.8789860997547015,0.789186046511628,0.8350278866001469,0.1860653925636249,927.0,12.0,148.0,0.0,215.0
extra_trees,validation,True,max_recall,0.14,0.6053333333333333,0.5375,0.5922865013774105,1.0,0.7439446366782007,0.8789860997547015,0.789186046511628,0.8350278866001469,0.1860653925636249,927.0,12.0,148.0,0.0,215.0
extra_trees,validation,True,max_clinical_utility,0.14,0.6053333333333333,0.5375,0.5922865013774105,1.0,0.7439446366782007,0.8789860997547015,0.789186046511628,0.8350278866001469,0.1860653925636249,927.0,12.0,148.0,0.0,215.0
extra_trees,validation,True,recall_with_precision_floor_0_30,0.14,0.6053333333333333,0.5375,0.5922865013774105,1.0,0.7439446366782007,0.8789860997547015,0.789186046511628,0.8350278866001469,0.1860653925636249,927.0,12.0,148.0,0.0,215.0
extra_trees,validation,True,precision_with_recall_floor_0_80,0.44,0.7226666666666667,0.7077761627906977,0.7341772151898734,0.8093023255813954,0.7699115044247787,0.7930720145852325,0.789186046511628,0.8350278866001469,0.1860653925636249,479.0,97.0,63.0,41.0,174.0
