model,split,include_survival_months,scenario,threshold,accuracy,balanced_accuracy,precision,recall,f1,f2,roc_auc,pr_auc,brier_score,clinical_utility,true_negatives,false_positives,false_negatives,true_positives
gradient_boosting,validation,True,max_f2,0.22,0.7013333333333334,0.6531976744186047,0.6614420062695925,0.9813953488372092,0.7902621722846442,0.8948261238337574,0.8604941860465116,0.8926753880407401,0.15127630328480032,915.0,52.0,108.0,4.0,211.0
gradient_boosting,validation,True,max_recall,0.07,0.576,0.503125,0.5748663101604278,1.0,0.7300509337860781,0.8711507293354943,0.8604941860465116,0.8926753880407401,0.15127630328480032,916.0,1.0,159.0,0.0,215.0
gradient_boosting,validation,True,max_clinical_utility,0.07,0.576,0.503125,0.5748663101604278,1.0,0.7300509337860781,0.8711507293354943,0.8604941860465116,0.8926753880407401,0.15127630328480032,916.0,1.0,159.0,0.0,215.0
gradient_boosting,validation,True,recall_with_precision_floor_0_30,0.07,0.576,0.503125,0.5748663101604278,1.0,0.7300509337860781,0.8711507293354943,0.8604941860465116,0.8926753880407401,0.15127630328480032,916.0,1.0,159.0,0.0,215.0
gradient_boosting,validation,True,precision_with_recall_floor_0_80,0.47,0.7813333333333333,0.7773255813953488,0.812206572769953,0.8046511627906977,0.8084112149532711,0.8061509785647717,0.8604941860465116,0.8926753880407401,0.15127630328480032,489.0,120.0,40.0,42.0,173.0
