model,split,include_survival_months,scenario,threshold,accuracy,balanced_accuracy,precision,recall,f1,f2,roc_auc,pr_auc,brier_score,clinical_utility,true_negatives,false_positives,false_negatives,true_positives
mlp,validation,False,max_f2,0.07,0.6693333333333333,0.6484738372093023,0.6827309236947792,0.7906976744186046,0.7327586206896551,0.7664562669071235,0.6971220930232559,0.7327859956213012,0.31086213148576897,411.0,81.0,79.0,45.0,170.0
mlp,validation,False,max_recall,0.07,0.6693333333333333,0.6484738372093023,0.6827309236947792,0.7906976744186046,0.7327586206896551,0.7664562669071235,0.6971220930232559,0.7327859956213012,0.31086213148576897,411.0,81.0,79.0,45.0,170.0
mlp,validation,False,max_clinical_utility,0.07,0.6693333333333333,0.6484738372093023,0.6827309236947792,0.7906976744186046,0.7327586206896551,0.7664562669071235,0.6971220930232559,0.7327859956213012,0.31086213148576897,411.0,81.0,79.0,45.0,170.0
mlp,validation,False,recall_with_precision_floor_0_30,0.07,0.6693333333333333,0.6484738372093023,0.6827309236947792,0.7906976744186046,0.7327586206896551,0.7664562669071235,0.6971220930232559,0.7327859956213012,0.31086213148576897,411.0,81.0,79.0,45.0,170.0
