model,split,include_survival_months,scenario,threshold,accuracy,balanced_accuracy,precision,recall,f1,f2,roc_auc,pr_auc,brier_score,clinical_utility,true_negatives,false_positives,false_negatives,true_positives
random_forest,test,False,max_f2,0.19,0.6037234042553191,0.5380470894121046,0.5911602209944752,0.9953488372093023,0.7417677642980935,0.8756137479541735,0.7285569839664885,0.7515997472765158,0.20900194834333563,914.0,13.0,148.0,1.0,214.0
random_forest,test,False,max_recall,0.13,0.5824468085106383,0.5124223602484472,0.5779569892473119,1.0,0.7325383304940375,0.872564935064935,0.7285569839664885,0.7515997472765158,0.20900194834333563,918.0,4.0,157.0,0.0,215.0
random_forest,test,False,max_clinical_utility,0.13,0.5824468085106383,0.5124223602484472,0.5779569892473119,1.0,0.7325383304940375,0.872564935064935,0.7285569839664885,0.7515997472765158,0.20900194834333563,918.0,4.0,157.0,0.0,215.0
random_forest,test,False,recall_with_precision_floor_0_30,0.13,0.5824468085106383,0.5124223602484472,0.5779569892473119,1.0,0.7325383304940375,0.872564935064935,0.7285569839664885,0.7515997472765158,0.20900194834333563,918.0,4.0,157.0,0.0,215.0
random_forest,test,False,precision_with_recall_floor_0_80,0.44,0.7021276595744681,0.6849342770475227,0.7119341563786008,0.8046511627906977,0.7554585152838428,0.7842248413417952,0.7285569839664885,0.7515997472765158,0.20900194834333563,459.0,91.0,70.0,42.0,173.0
