model,split,include_survival_months,threshold,accuracy,balanced_accuracy,precision,recall,f1,f2,roc_auc,pr_auc,brier_score,clinical_utility,true_negatives,false_positives,false_negatives,true_positives
gradient_boosting,test,True,0.5,0.7898936170212766,0.7796186624295826,0.7956521739130434,0.8511627906976744,0.8224719101123595,0.8394495412844036,0.8450382782030911,0.851736016178274,0.15636533645418693,612.0,114,47,32,183
hist_gradient_boosting,test,True,0.5,0.7872340425531915,0.7765130723674707,0.7922077922077922,0.8511627906976744,0.820627802690583,0.8386801099908341,0.8444027155857287,0.8590868925251733,0.16615856471485596,611.0,113,48,32,183
svm_calibrated,test,True,0.5,0.7393617021276596,0.7237324859165102,0.7427385892116183,0.8325581395348837,0.7850877192982456,0.812897366030881,0.7725263614040156,0.780704240168878,0.18894389541270157,545.0,99,62,36,179
ada_boost,test,True,0.5,0.75,0.7369348548317203,0.7574468085106383,0.827906976744186,0.7911111111111111,0.8127853881278538,0.8171168568539651,0.8444323306309337,0.1866320779450493,537.0,104,57,37,178
extra_trees,test,True,0.5,0.726063829787234,0.7183446482738698,0.7545454545454545,0.772093023255814,0.7632183908045977,0.7685185185185185,0.7815109056767297,0.8085359851094467,0.1885448134297955,384.0,107,54,49,166
mlp,test,True,0.5,0.7074468085106383,0.6958255091723242,0.7292576419213974,0.7767441860465116,0.7522522522522522,0.7667584940312213,0.7612306803408926,0.7962615123601757,0.26189787829795025,389.0,99,62,48,167
random_forest,test,True,0.5,0.7287234042553191,0.7230102556695075,0.7627906976744186,0.7627906976744186,0.7627906976744186,0.7627906976744186,0.8095623284703164,0.8268619996877513,0.17934038705501504,361.0,110,51,51,164
logistic_regression,test,True,0.5,0.723404255319149,0.7206991188790987,0.7681159420289855,0.7395348837209302,0.7535545023696683,0.7450796626054358,0.7730752563917377,0.7808897730879326,0.19323090795893638,299.0,113,48,56,159
