model,split,include_survival_months,scenario,threshold,accuracy,balanced_accuracy,precision,recall,f1,f2,roc_auc,pr_auc,brier_score,clinical_utility,true_negatives,false_positives,false_negatives,true_positives
random_forest,validation,False,max_f2,0.05,0.5733333333333334,0.5,0.5733333333333334,1.0,0.7288135593220338,0.8704453441295547,0.7611337209302327,0.8151172270371652,0.1993317720953715,915.0,0.0,160.0,0.0,215.0
random_forest,validation,False,max_recall,0.05,0.5733333333333334,0.5,0.5733333333333334,1.0,0.7288135593220338,0.8704453441295547,0.7611337209302327,0.8151172270371652,0.1993317720953715,915.0,0.0,160.0,0.0,215.0
random_forest,validation,False,max_clinical_utility,0.05,0.5733333333333334,0.5,0.5733333333333334,1.0,0.7288135593220338,0.8704453441295547,0.7611337209302327,0.8151172270371652,0.1993317720953715,915.0,0.0,160.0,0.0,215.0
random_forest,validation,False,recall_with_precision_floor_0_30,0.05,0.5733333333333334,0.5,0.5733333333333334,1.0,0.7288135593220338,0.8704453441295547,0.7611337209302327,0.8151172270371652,0.1993317720953715,915.0,0.0,160.0,0.0,215.0
random_forest,validation,False,precision_with_recall_floor_0_80,0.41,0.6933333333333334,0.6726017441860466,0.7,0.813953488372093,0.7526881720430108,0.7882882882882883,0.7611337209302327,0.8151172270371652,0.1993317720953715,480.0,85.0,75.0,40.0,175.0
