model,split,include_survival_months,scenario,threshold,accuracy,balanced_accuracy,precision,recall,f1,f2,roc_auc,pr_auc,brier_score,clinical_utility,true_negatives,false_positives,false_negatives,true_positives
gradient_boosting,test,False,max_f2,0.3,0.6914893617021277,0.6444316047956088,0.6551724137931034,0.9720930232558139,0.7827715355805244,0.8863443596268024,0.7542683807597862,0.7600431972673151,0.19666940138832975,887.0,51.0,110.0,6.0,209.0
gradient_boosting,test,False,max_recall,0.17,0.6063829787234043,0.5403726708074534,0.5922865013774105,1.0,0.7439446366782007,0.8789860997547015,0.7542683807597862,0.7600431972673151,0.19666940138832975,927.0,13.0,148.0,0.0,215.0
gradient_boosting,test,False,max_clinical_utility,0.17,0.6063829787234043,0.5403726708074534,0.5922865013774105,1.0,0.7439446366782007,0.8789860997547015,0.7542683807597862,0.7600431972673151,0.19666940138832975,927.0,13.0,148.0,0.0,215.0
gradient_boosting,test,False,recall_with_precision_floor_0_30,0.17,0.6063829787234043,0.5403726708074534,0.5922865013774105,1.0,0.7439446366782007,0.8789860997547015,0.7542683807597862,0.7600431972673151,0.19666940138832975,927.0,13.0,148.0,0.0,215.0
gradient_boosting,test,False,precision_with_recall_floor_0_80,0.49,0.7127659574468085,0.695016611295681,0.7183673469387755,0.8186046511627907,0.7652173913043478,0.7963800904977375,0.7542683807597862,0.7600431972673151,0.19666940138832975,499.0,92.0,69.0,39.0,176.0
