model,split,include_survival_months,threshold,accuracy,balanced_accuracy,precision,recall,f1,f2,roc_auc,pr_auc,brier_score,clinical_utility,true_negatives,false_positives,false_negatives,true_positives
ada_boost,validation,True,0.5,0.776,0.7694767441860465,0.7990867579908676,0.813953488372093,0.8064516129032258,0.8109360518999074,0.8563953488372091,0.8859465851359573,0.17876630602089028,511.0,116,44,40,175
gradient_boosting,validation,True,0.5,0.7786666666666666,0.7789970930232558,0.8267326732673267,0.7767441860465116,0.8009592326139089,0.7862523540489642,0.8604941860465116,0.8926753880407401,0.15127630328480032,416.0,125,35,48,167
svm_calibrated,validation,True,0.5,0.7546666666666667,0.7492732558139534,0.786046511627907,0.786046511627907,0.786046511627907,0.786046511627907,0.8063081395348837,0.8490268405068347,0.17647678967850208,431.0,114,46,46,169
hist_gradient_boosting,validation,True,0.5,0.768,0.7680959302325582,0.8168316831683168,0.7674418604651163,0.7913669064748201,0.7768361581920904,0.8443313953488372,0.8858189583988618,0.1733831546802914,388.0,123,37,50,165
random_forest,validation,True,0.5,0.7626666666666667,0.7642441860465117,0.8181818181818182,0.7534883720930232,0.784503631961259,0.7655954631379962,0.83375,0.8773179960305688,0.17011172280497655,350.0,124,36,53,162
extra_trees,validation,True,0.5,0.7253333333333334,0.7220930232558139,0.7692307692307693,0.7441860465116279,0.7565011820330969,0.7490636704119851,0.789186046511628,0.8350278866001469,0.1860653925636249,312.0,112,48,55,160
logistic_regression,validation,True,0.5,0.7493333333333333,0.7518168604651163,0.8102564102564103,0.7348837209302326,0.7707317073170732,0.7488151658767772,0.8095058139534884,0.8516582843389816,0.17616207505233342,297.0,123,37,57,158
mlp,validation,True,0.5,0.704,0.6970930232558139,0.7407407407407407,0.7441860465116279,0.7424593967517401,0.7434944237918215,0.761860465116279,0.7987058254071888,0.25468723888810796,304.0,104,56,55,160
