model,split,include_survival_months,scenario,threshold,accuracy,balanced_accuracy,precision,recall,f1,f2,roc_auc,pr_auc,brier_score,clinical_utility,true_negatives,false_positives,false_negatives,true_positives
ada_boost,test,True,max_f2,0.37,0.6409574468085106,0.5830853676151957,0.6162790697674418,0.986046511627907,0.7584973166368515,0.8803986710963455,0.8171168568539651,0.8444323306309337,0.1866320779450493,904.0,29.0,132.0,3.0,212.0
ada_boost,test,True,max_recall,0.28,0.5797872340425532,0.5093167701863354,0.5764075067024129,1.0,0.7312925170068028,0.8718572587185726,0.8171168568539651,0.8444323306309337,0.1866320779450493,917.0,3.0,158.0,0.0,215.0
ada_boost,test,True,max_clinical_utility,0.28,0.5797872340425532,0.5093167701863354,0.5764075067024129,1.0,0.7312925170068028,0.8718572587185726,0.8171168568539651,0.8444323306309337,0.1866320779450493,917.0,3.0,158.0,0.0,215.0
ada_boost,test,True,recall_with_precision_floor_0_30,0.28,0.5797872340425532,0.5093167701863354,0.5764075067024129,1.0,0.7312925170068028,0.8718572587185726,0.8171168568539651,0.8444323306309337,0.1866320779450493,917.0,3.0,158.0,0.0,215.0
ada_boost,test,True,precision_with_recall_floor_0_80,0.51,0.7526595744680851,0.7423804708941211,0.7675438596491229,0.813953488372093,0.7900677200902935,0.8042279411764706,0.8171168568539651,0.8444323306309337,0.1866320779450493,502.0,108.0,53.0,40.0,175.0
