model,split,include_survival_months,scenario,threshold,accuracy,balanced_accuracy,precision,recall,f1,f2,roc_auc,pr_auc,brier_score,clinical_utility,true_negatives,false_positives,false_negatives,true_positives
extra_trees,test,True,max_f2,0.23,0.6329787234042553,0.5737685974288603,0.6109510086455331,0.986046511627907,0.7544483985765125,0.8782104391052196,0.7815109056767297,0.8085359851094467,0.1885448134297955,901.0,26.0,135.0,3.0,212.0
extra_trees,test,True,max_recall,0.13,0.5851063829787234,0.515527950310559,0.5795148247978437,1.0,0.7337883959044369,0.8732737611697806,0.7815109056767297,0.8085359851094467,0.1885448134297955,919.0,5.0,156.0,0.0,215.0
extra_trees,test,True,max_clinical_utility,0.13,0.5851063829787234,0.515527950310559,0.5795148247978437,1.0,0.7337883959044369,0.8732737611697806,0.7815109056767297,0.8085359851094467,0.1885448134297955,919.0,5.0,156.0,0.0,215.0
extra_trees,test,True,recall_with_precision_floor_0_30,0.13,0.5851063829787234,0.515527950310559,0.5795148247978437,1.0,0.7337883959044369,0.8732737611697806,0.7815109056767297,0.8085359851094467,0.1885448134297955,919.0,5.0,156.0,0.0,215.0
extra_trees,test,True,precision_with_recall_floor_0_80,0.48,0.723404255319149,0.7105590062111802,0.7381974248927039,0.8,0.7678571428571429,0.7868252516010978,0.7815109056767297,0.8085359851094467,0.1885448134297955,455.0,100.0,61.0,43.0,172.0
