model,split,include_survival_months,scenario,threshold,accuracy,balanced_accuracy,precision,recall,f1,f2,roc_auc,pr_auc,brier_score,clinical_utility,true_negatives,false_positives,false_negatives,true_positives
svm_calibrated,test,True,max_f2,0.18,0.601063829787234,0.5349414993499928,0.5895316804407713,0.9953488372093023,0.740484429065744,0.874897792313982,0.7725263614040156,0.780704240168878,0.18894389541270157,913.0,12.0,149.0,1.0,214.0
svm_calibrated,test,True,max_recall,0.15,0.5904255319148937,0.5217391304347826,0.5826558265582655,1.0,0.7363013698630136,0.8746948738812043,0.7725263614040156,0.780704240168878,0.18894389541270157,921.0,7.0,154.0,0.0,215.0
svm_calibrated,test,True,max_clinical_utility,0.15,0.5904255319148937,0.5217391304347826,0.5826558265582655,1.0,0.7363013698630136,0.8746948738812043,0.7725263614040156,0.780704240168878,0.18894389541270157,921.0,7.0,154.0,0.0,215.0
svm_calibrated,test,True,recall_with_precision_floor_0_30,0.15,0.5904255319148937,0.5217391304347826,0.5826558265582655,1.0,0.7363013698630136,0.8746948738812043,0.7725263614040156,0.780704240168878,0.18894389541270157,921.0,7.0,154.0,0.0,215.0
svm_calibrated,test,True,precision_with_recall_floor_0_80,0.48,0.7473404255319149,0.7307092301025567,0.7459016393442623,0.8465116279069768,0.7930283224400871,0.8242753623188406,0.7725263614040156,0.780704240168878,0.18894389541270157,584.0,99.0,62.0,33.0,182.0
