model,split,include_survival_months,scenario,threshold,accuracy,balanced_accuracy,precision,recall,f1,f2,roc_auc,pr_auc,brier_score,clinical_utility,true_negatives,false_positives,false_negatives,true_positives
logistic_regression,test,True,max_f2,0.15,0.6675531914893617,0.6164812942366026,0.6371951219512195,0.9720930232558139,0.7697974217311234,0.8796296296296297,0.7730752563917377,0.7808897730879326,0.19323090795893638,878.0,42.0,119.0,6.0,209.0
logistic_regression,test,True,max_recall,0.07,0.5930851063829787,0.5248447204968945,0.5842391304347826,1.0,0.7375643224699828,0.8754071661237784,0.7730752563917377,0.7808897730879326,0.19323090795893638,922.0,8.0,153.0,0.0,215.0
logistic_regression,test,True,max_clinical_utility,0.07,0.5930851063829787,0.5248447204968945,0.5842391304347826,1.0,0.7375643224699828,0.8754071661237784,0.7730752563917377,0.7808897730879326,0.19323090795893638,922.0,8.0,153.0,0.0,215.0
logistic_regression,test,True,recall_with_precision_floor_0_30,0.07,0.5930851063829787,0.5248447204968945,0.5842391304347826,1.0,0.7375643224699828,0.8754071661237784,0.7730752563917377,0.7808897730879326,0.19323090795893638,922.0,8.0,153.0,0.0,215.0
logistic_regression,test,True,precision_with_recall_floor_0_80,0.42,0.7420212765957447,0.7283980933121479,0.75,0.8232558139534883,0.7849223946784922,0.8074817518248175,0.7730752563917377,0.7808897730879326,0.19323090795893638,522.0,102.0,59.0,38.0,177.0
