model,split,include_survival_months,scenario,threshold,accuracy,balanced_accuracy,precision,recall,f1,f2,roc_auc,pr_auc,brier_score,clinical_utility,true_negatives,false_positives,false_negatives,true_positives
svm_calibrated,validation,False,max_f2,0.05,0.5733333333333334,0.5,0.5733333333333334,1.0,0.7288135593220338,0.8704453441295547,0.7433430232558139,0.7847045818529822,0.20461064476577603,915.0,0.0,160.0,0.0,215.0
svm_calibrated,validation,False,max_recall,0.05,0.5733333333333334,0.5,0.5733333333333334,1.0,0.7288135593220338,0.8704453441295547,0.7433430232558139,0.7847045818529822,0.20461064476577603,915.0,0.0,160.0,0.0,215.0
svm_calibrated,validation,False,max_clinical_utility,0.05,0.5733333333333334,0.5,0.5733333333333334,1.0,0.7288135593220338,0.8704453441295547,0.7433430232558139,0.7847045818529822,0.20461064476577603,915.0,0.0,160.0,0.0,215.0
svm_calibrated,validation,False,recall_with_precision_floor_0_30,0.05,0.5733333333333334,0.5,0.5733333333333334,1.0,0.7288135593220338,0.8704453441295547,0.7433430232558139,0.7847045818529822,0.20461064476577603,915.0,0.0,160.0,0.0,215.0
svm_calibrated,validation,False,precision_with_recall_floor_0_80,0.44,0.672,0.6444040697674418,0.6729323308270677,0.8325581395348837,0.7442827442827443,0.7948490230905861,0.7433430232558139,0.7847045818529822,0.20461064476577603,520.0,73.0,87.0,36.0,179.0
