model,split,include_survival_months,scenario,threshold,accuracy,balanced_accuracy,precision,recall,f1,f2,roc_auc,pr_auc,brier_score,clinical_utility,true_negatives,false_positives,false_negatives,true_positives
extra_trees,test,False,max_f2,0.09,0.5851063829787234,0.515527950310559,0.5795148247978437,1.0,0.7337883959044369,0.8732737611697806,0.7259569550772786,0.7580610822511562,0.20953738560512666,919.0,5.0,156.0,0.0,215.0
extra_trees,test,False,max_recall,0.09,0.5851063829787234,0.515527950310559,0.5795148247978437,1.0,0.7337883959044369,0.8732737611697806,0.7259569550772786,0.7580610822511562,0.20953738560512666,919.0,5.0,156.0,0.0,215.0
extra_trees,test,False,max_clinical_utility,0.09,0.5851063829787234,0.515527950310559,0.5795148247978437,1.0,0.7337883959044369,0.8732737611697806,0.7259569550772786,0.7580610822511562,0.20953738560512666,919.0,5.0,156.0,0.0,215.0
extra_trees,test,False,recall_with_precision_floor_0_30,0.09,0.5851063829787234,0.515527950310559,0.5795148247978437,1.0,0.7337883959044369,0.8732737611697806,0.7259569550772786,0.7580610822511562,0.20953738560512666,919.0,5.0,156.0,0.0,215.0
extra_trees,test,False,precision_with_recall_floor_0_80,0.43,0.6914893617021277,0.6678318647984978,0.6911196911196911,0.8325581395348837,0.7552742616033755,0.7998212689901698,0.7259569550772786,0.7580610822511562,0.20953738560512666,527.0,81.0,80.0,36.0,179.0
