model,split,include_survival_months,scenario,threshold,accuracy,balanced_accuracy,precision,recall,f1,f2,roc_auc,pr_auc,brier_score,clinical_utility,true_negatives,false_positives,false_negatives,true_positives
ada_boost,validation,True,max_f2,0.38,0.704,0.6579215116279069,0.6656050955414012,0.9720930232558139,0.7901701323251418,0.8901192504258943,0.8563953488372091,0.8859465851359573,0.17876630602089028,892.0,55.0,105.0,6.0,209.0
ada_boost,validation,True,max_recall,0.31,0.592,0.521875,0.5842391304347826,1.0,0.7375643224699828,0.8754071661237784,0.8563953488372091,0.8859465851359573,0.17876630602089028,922.0,7.0,153.0,0.0,215.0
ada_boost,validation,True,max_clinical_utility,0.31,0.592,0.521875,0.5842391304347826,1.0,0.7375643224699828,0.8754071661237784,0.8563953488372091,0.8859465851359573,0.17876630602089028,922.0,7.0,153.0,0.0,215.0
ada_boost,validation,True,recall_with_precision_floor_0_30,0.31,0.592,0.521875,0.5842391304347826,1.0,0.7375643224699828,0.8754071661237784,0.8563953488372091,0.8859465851359573,0.17876630602089028,922.0,7.0,153.0,0.0,215.0
ada_boost,validation,True,precision_with_recall_floor_0_80,0.49,0.7893333333333333,0.7803052325581395,0.8008849557522124,0.8418604651162791,0.8208616780045351,0.8333333333333334,0.8563953488372091,0.8859465851359573,0.17876630602089028,588.0,115.0,45.0,34.0,181.0
