model,split,include_survival_months,scenario,threshold,accuracy,balanced_accuracy,precision,recall,f1,f2,roc_auc,pr_auc,brier_score,clinical_utility,true_negatives,false_positives,false_negatives,true_positives
mlp,test,False,max_f2,0.05,0.6569148936170213,0.6258991766575184,0.6557971014492754,0.8418604651162791,0.7372708757637475,0.7966549295774648,0.6743897154412826,0.7036506046905056,0.32688137311370785,538.0,66.0,95.0,34.0,181.0
mlp,test,False,max_recall,0.05,0.6569148936170213,0.6258991766575184,0.6557971014492754,0.8418604651162791,0.7372708757637475,0.7966549295774648,0.6743897154412826,0.7036506046905056,0.32688137311370785,538.0,66.0,95.0,34.0,181.0
mlp,test,False,max_clinical_utility,0.05,0.6569148936170213,0.6258991766575184,0.6557971014492754,0.8418604651162791,0.7372708757637475,0.7966549295774648,0.6743897154412826,0.7036506046905056,0.32688137311370785,538.0,66.0,95.0,34.0,181.0
mlp,test,False,recall_with_precision_floor_0_30,0.05,0.6569148936170213,0.6258991766575184,0.6557971014492754,0.8418604651162791,0.7372708757637475,0.7966549295774648,0.6743897154412826,0.7036506046905056,0.32688137311370785,538.0,66.0,95.0,34.0,181.0
mlp,test,False,precision_with_recall_floor_0_80,0.11,0.6622340425531915,0.6375704174490828,0.6692307692307692,0.8093023255813954,0.7326315789473684,0.7767857142857143,0.6743897154412826,0.7036506046905056,0.32688137311370785,456.0,75.0,86.0,41.0,174.0
