model,split,include_survival_months,scenario,threshold,accuracy,balanced_accuracy,precision,recall,f1,f2,roc_auc,pr_auc,brier_score,clinical_utility,true_negatives,false_positives,false_negatives,true_positives
ada_boost,test,False,max_f2,0.43,0.6382978723404256,0.5815397948866098,0.6158357771260997,0.9767441860465116,0.7553956834532374,0.8742714404662781,0.7074389715441284,0.7300797347305972,0.21731801992763417,879.0,30.0,131.0,5.0,210.0
ada_boost,test,False,max_recall,0.05,0.5718085106382979,0.5,0.5718085106382979,1.0,0.727580372250423,0.8697411003236246,0.7074389715441284,0.7300797347305972,0.21731801992763417,914.0,0.0,161.0,0.0,215.0
ada_boost,test,False,max_clinical_utility,0.05,0.5718085106382979,0.5,0.5718085106382979,1.0,0.727580372250423,0.8697411003236246,0.7074389715441284,0.7300797347305972,0.21731801992763417,914.0,0.0,161.0,0.0,215.0
ada_boost,test,False,recall_with_precision_floor_0_30,0.05,0.5718085106382979,0.5,0.5718085106382979,1.0,0.727580372250423,0.8697411003236246,0.7074389715441284,0.7300797347305972,0.21731801992763417,914.0,0.0,161.0,0.0,215.0
ada_boost,test,False,precision_with_recall_floor_0_80,0.48,0.6781914893617021,0.6577639751552795,0.688,0.8,0.7397849462365591,0.7747747747747747,0.7074389715441284,0.7300797347305972,0.21731801992763417,438.0,83.0,78.0,43.0,172.0
