model,split,include_survival_months,scenario,threshold,accuracy,balanced_accuracy,precision,recall,f1,f2,roc_auc,pr_auc,brier_score,clinical_utility,true_negatives,false_positives,false_negatives,true_positives
random_forest,validation,True,max_f2,0.16,0.6133333333333333,0.546875,0.5972222222222222,1.0,0.7478260869565218,0.8811475409836066,0.83375,0.8773179960305688,0.17011172280497655,930.0,15.0,145.0,0.0,215.0
random_forest,validation,True,max_recall,0.16,0.6133333333333333,0.546875,0.5972222222222222,1.0,0.7478260869565218,0.8811475409836066,0.83375,0.8773179960305688,0.17011172280497655,930.0,15.0,145.0,0.0,215.0
random_forest,validation,True,max_clinical_utility,0.16,0.6133333333333333,0.546875,0.5972222222222222,1.0,0.7478260869565218,0.8811475409836066,0.83375,0.8773179960305688,0.17011172280497655,930.0,15.0,145.0,0.0,215.0
random_forest,validation,True,recall_with_precision_floor_0_30,0.16,0.6133333333333333,0.546875,0.5972222222222222,1.0,0.7478260869565218,0.8811475409836066,0.83375,0.8773179960305688,0.17011172280497655,930.0,15.0,145.0,0.0,215.0
random_forest,validation,True,precision_with_recall_floor_0_80,0.44,0.7493333333333333,0.7398255813953489,0.7688888888888888,0.8046511627906977,0.7863636363636364,0.7972350230414746,0.83375,0.8773179960305688,0.17011172280497655,477.0,108.0,52.0,42.0,173.0
