model,split,include_survival_months,scenario,threshold,accuracy,balanced_accuracy,precision,recall,f1,f2,roc_auc,pr_auc,brier_score,clinical_utility,true_negatives,false_positives,false_negatives,true_positives
hist_gradient_boosting,validation,True,max_f2,0.05,0.6826666666666666,0.6337209302325582,0.65,0.9674418604651163,0.7775700934579439,0.8813559322033898,0.8443313953488372,0.8858189583988618,0.1733831546802914,872.0,48.0,112.0,7.0,208.0
hist_gradient_boosting,validation,True,max_recall,0.05,0.6826666666666666,0.6337209302325582,0.65,0.9674418604651163,0.7775700934579439,0.8813559322033898,0.8443313953488372,0.8858189583988618,0.1733831546802914,872.0,48.0,112.0,7.0,208.0
hist_gradient_boosting,validation,True,max_clinical_utility,0.05,0.6826666666666666,0.6337209302325582,0.65,0.9674418604651163,0.7775700934579439,0.8813559322033898,0.8443313953488372,0.8858189583988618,0.1733831546802914,872.0,48.0,112.0,7.0,208.0
hist_gradient_boosting,validation,True,recall_with_precision_floor_0_30,0.05,0.6826666666666666,0.6337209302325582,0.65,0.9674418604651163,0.7775700934579439,0.8813559322033898,0.8443313953488372,0.8858189583988618,0.1733831546802914,872.0,48.0,112.0,7.0,208.0
hist_gradient_boosting,validation,True,precision_with_recall_floor_0_80,0.42,0.7653333333333333,0.759375,0.7926267281105991,0.8,0.7962962962962963,0.7985143918291551,0.8443313953488372,0.8858189583988618,0.1733831546802914,471.0,115.0,45.0,43.0,172.0
