model,split,include_survival_months,scenario,threshold,accuracy,balanced_accuracy,precision,recall,f1,f2,roc_auc,pr_auc,brier_score,clinical_utility,true_negatives,false_positives,false_negatives,true_positives
hist_gradient_boosting,test,False,max_f2,0.06,0.648936170212766,0.593182146468294,0.6224188790560472,0.9813953488372092,0.7617328519855595,0.8798999165971643,0.7301747797197746,0.7678698446856081,0.23298558233200498,895.0,33.0,128.0,4.0,211.0
hist_gradient_boosting,test,False,max_recall,0.06,0.648936170212766,0.593182146468294,0.6224188790560472,0.9813953488372092,0.7617328519855595,0.8798999165971643,0.7301747797197746,0.7678698446856081,0.23298558233200498,895.0,33.0,128.0,4.0,211.0
hist_gradient_boosting,test,False,max_clinical_utility,0.06,0.648936170212766,0.593182146468294,0.6224188790560472,0.9813953488372092,0.7617328519855595,0.8798999165971643,0.7301747797197746,0.7678698446856081,0.23298558233200498,895.0,33.0,128.0,4.0,211.0
hist_gradient_boosting,test,False,recall_with_precision_floor_0_30,0.06,0.648936170212766,0.593182146468294,0.6224188790560472,0.9813953488372092,0.7617328519855595,0.8798999165971643,0.7301747797197746,0.7678698446856081,0.23298558233200498,895.0,33.0,128.0,4.0,211.0
hist_gradient_boosting,test,False,precision_with_recall_floor_0_80,0.34,0.6835106382978723,0.6624151379459772,0.6904761904761905,0.8093023255813954,0.7451820128479657,0.7823741007194245,0.7301747797197746,0.7678698446856081,0.23298558233200498,464.0,83.0,78.0,41.0,174.0
