model,split,include_survival_months,threshold,accuracy,balanced_accuracy,precision,recall,f1,f2,roc_auc,pr_auc,brier_score,clinical_utility,true_negatives,false_positives,false_negatives,true_positives
svm_calibrated,validation,False,0.5,0.6933333333333334,0.6813953488372093,0.7192982456140351,0.7627906976744186,0.7404063205417607,0.7536764705882353,0.7433430232558139,0.7847045818529822,0.20461064476577603,348.0,96,64,51,164
gradient_boosting,validation,False,0.5,0.6746666666666666,0.6611191860465115,0.7012987012987013,0.7534883720930232,0.726457399103139,0.7424381301558204,0.7661337209302326,0.8210055207760634,0.19543406197145236,317.0,91,69,53,162
ada_boost,validation,False,0.5,0.696,0.6885174418604652,0.7327188940092166,0.7395348837209302,0.7361111111111112,0.7381615598885793,0.7460465116279069,0.8053647248513707,0.2049797844864695,289.0,102,58,56,159
hist_gradient_boosting,validation,False,0.5,0.6933333333333334,0.6869912790697674,0.7336448598130841,0.7302325581395349,0.7319347319347319,0.7309124767225326,0.7452325581395348,0.7993134575421657,0.22467939479147753,264.0,103,57,58,157
extra_trees,validation,False,0.5,0.6933333333333334,0.6893895348837209,0.7403846153846154,0.7162790697674418,0.7281323877068558,0.7209737827715356,0.7468895348837209,0.7958561351448998,0.20392617977812252,228.0,106,54,61,154
random_forest,validation,False,0.5,0.6986666666666667,0.6988372093023256,0.7575757575757576,0.6976744186046512,0.7263922518159807,0.7088846880907372,0.7611337209302327,0.8151172270371652,0.1993317720953715,182.0,112,48,65,150
mlp,validation,False,0.5,0.6613333333333333,0.656686046511628,0.7115384615384616,0.6883720930232559,0.6997635933806147,0.6928838951310862,0.6971220930232559,0.7327859956213012,0.31086213148576897,144.0,100,60,67,148
logistic_regression,validation,False,0.5,0.7013333333333334,0.7091569767441861,0.7877094972067039,0.6558139534883721,0.7157360406091371,0.6785370548604427,0.743982558139535,0.7850416227145942,0.2080084811252031,75.0,122,38,74,141
