model,split,include_survival_months,scenario,threshold,accuracy,balanced_accuracy,precision,recall,f1,f2,roc_auc,pr_auc,brier_score,clinical_utility,true_negatives,false_positives,false_negatives,true_positives
extra_trees,validation,False,max_f2,0.05,0.5733333333333334,0.5,0.5733333333333334,1.0,0.7288135593220338,0.8704453441295547,0.7468895348837209,0.7958561351448998,0.20392617977812252,915.0,0.0,160.0,0.0,215.0
extra_trees,validation,False,max_recall,0.05,0.5733333333333334,0.5,0.5733333333333334,1.0,0.7288135593220338,0.8704453441295547,0.7468895348837209,0.7958561351448998,0.20392617977812252,915.0,0.0,160.0,0.0,215.0
extra_trees,validation,False,max_clinical_utility,0.05,0.5733333333333334,0.5,0.5733333333333334,1.0,0.7288135593220338,0.8704453441295547,0.7468895348837209,0.7958561351448998,0.20392617977812252,915.0,0.0,160.0,0.0,215.0
extra_trees,validation,False,recall_with_precision_floor_0_30,0.05,0.5733333333333334,0.5,0.5733333333333334,1.0,0.7288135593220338,0.8704453441295547,0.7468895348837209,0.7958561351448998,0.20392617977812252,915.0,0.0,160.0,0.0,215.0
extra_trees,validation,False,precision_with_recall_floor_0_80,0.43,0.6906666666666667,0.671875,0.7020408163265306,0.8,0.7478260869565218,0.7782805429864253,0.7468895348837209,0.7958561351448998,0.20392617977812252,443.0,87.0,73.0,43.0,172.0
