model,split,include_survival_months,scenario,threshold,accuracy,balanced_accuracy,precision,recall,f1,f2,roc_auc,pr_auc,brier_score,clinical_utility,true_negatives,false_positives,false_negatives,true_positives
hist_gradient_boosting,test,True,max_f2,0.05,0.6968085106382979,0.6498627762530694,0.658307210031348,0.9767441860465116,0.7865168539325843,0.8905852417302799,0.8444027155857287,0.8590868925251733,0.16615856471485596,901.0,52.0,109.0,5.0,210.0
hist_gradient_boosting,test,True,max_recall,0.05,0.6968085106382979,0.6498627762530694,0.658307210031348,0.9767441860465116,0.7865168539325843,0.8905852417302799,0.8444027155857287,0.8590868925251733,0.16615856471485596,901.0,52.0,109.0,5.0,210.0
hist_gradient_boosting,test,True,max_clinical_utility,0.05,0.6968085106382979,0.6498627762530694,0.658307210031348,0.9767441860465116,0.7865168539325843,0.8905852417302799,0.8444027155857287,0.8590868925251733,0.16615856471485596,901.0,52.0,109.0,5.0,210.0
hist_gradient_boosting,test,True,recall_with_precision_floor_0_30,0.05,0.6968085106382979,0.6498627762530694,0.658307210031348,0.9767441860465116,0.7865168539325843,0.8905852417302799,0.8444027155857287,0.8590868925251733,0.16615856471485596,901.0,52.0,109.0,5.0,210.0
hist_gradient_boosting,test,True,precision_with_recall_floor_0_80,0.58,0.7845744680851063,0.7780875343059368,0.8045454545454546,0.8232558139534883,0.8137931034482758,0.8194444444444444,0.8444027155857287,0.8590868925251733,0.16615856471485596,538.0,118.0,43.0,38.0,177.0
