model,split,include_survival_months,scenario,threshold,accuracy,balanced_accuracy,precision,recall,f1,f2,roc_auc,pr_auc,brier_score,clinical_utility,true_negatives,false_positives,false_negatives,true_positives
logistic_regression,test,False,max_f2,0.13,0.6117021276595744,0.54736385959844,0.596100278551532,0.9953488372093023,0.7456445993031359,0.8777686628383922,0.7054456160624006,0.7242792721524547,0.22545506247129138,917.0,16.0,145.0,1.0,214.0
logistic_regression,test,False,max_recall,0.07,0.5824468085106383,0.5124223602484472,0.5779569892473119,1.0,0.7325383304940375,0.872564935064935,0.7054456160624006,0.7242792721524547,0.22545506247129138,918.0,4.0,157.0,0.0,215.0
logistic_regression,test,False,max_clinical_utility,0.07,0.5824468085106383,0.5124223602484472,0.5779569892473119,1.0,0.7325383304940375,0.872564935064935,0.7054456160624006,0.7242792721524547,0.22545506247129138,918.0,4.0,157.0,0.0,215.0
logistic_regression,test,False,recall_with_precision_floor_0_30,0.07,0.5824468085106383,0.5124223602484472,0.5779569892473119,1.0,0.7325383304940375,0.872564935064935,0.7054456160624006,0.7242792721524547,0.22545506247129138,918.0,4.0,157.0,0.0,215.0
logistic_regression,test,False,precision_with_recall_floor_0_80,0.36,0.675531914893617,0.6538783764264047,0.6837944664031621,0.8046511627906977,0.7393162393162394,0.7771787960467206,0.7054456160624006,0.7242792721524547,0.22545506247129138,449.0,81.0,80.0,42.0,173.0
