model,split,include_survival_months,scenario,threshold,accuracy,balanced_accuracy,precision,recall,f1,f2,roc_auc,pr_auc,brier_score,clinical_utility,true_negatives,false_positives,false_negatives,true_positives
svm_calibrated,validation,True,max_f2,0.25,0.648,0.5906976744186047,0.6224188790560472,0.9813953488372092,0.7617328519855595,0.8798999165971643,0.8063081395348837,0.8490268405068347,0.17647678967850208,895.0,32.0,128.0,4.0,211.0
svm_calibrated,validation,True,max_recall,0.13,0.5866666666666667,0.515625,0.581081081081081,1.0,0.7350427350427351,0.8739837398373984,0.8063081395348837,0.8490268405068347,0.17647678967850208,920.0,5.0,155.0,0.0,215.0
svm_calibrated,validation,True,max_clinical_utility,0.13,0.5866666666666667,0.515625,0.581081081081081,1.0,0.7350427350427351,0.8739837398373984,0.8063081395348837,0.8490268405068347,0.17647678967850208,920.0,5.0,155.0,0.0,215.0
svm_calibrated,validation,True,recall_with_precision_floor_0_30,0.13,0.5866666666666667,0.515625,0.581081081081081,1.0,0.7350427350427351,0.8739837398373984,0.8063081395348837,0.8490268405068347,0.17647678967850208,920.0,5.0,155.0,0.0,215.0
svm_calibrated,validation,True,precision_with_recall_floor_0_80,0.46,0.7173333333333334,0.7015261627906977,0.7280334728033473,0.8093023255813954,0.7665198237885462,0.7916287534121929,0.8063081395348837,0.8490268405068347,0.17647678967850208,477.0,95.0,65.0,41.0,174.0
