model,split,include_survival_months,scenario,threshold,accuracy,balanced_accuracy,precision,recall,f1,f2,roc_auc,pr_auc,brier_score,clinical_utility,true_negatives,false_positives,false_negatives,true_positives
mlp,test,True,max_f2,0.08,0.6941489361702128,0.6693774375270837,0.6908396946564885,0.8418604651162791,0.7589098532494759,0.8065953654188949,0.7612306803408926,0.7962615123601757,0.26189787829795025,552.0,80.0,81.0,34.0,181.0
mlp,test,True,max_recall,0.08,0.6941489361702128,0.6693774375270837,0.6908396946564885,0.8418604651162791,0.7589098532494759,0.8065953654188949,0.7612306803408926,0.7962615123601757,0.26189787829795025,552.0,80.0,81.0,34.0,181.0
mlp,test,True,max_clinical_utility,0.08,0.6941489361702128,0.6693774375270837,0.6908396946564885,0.8418604651162791,0.7589098532494759,0.8065953654188949,0.7612306803408926,0.7962615123601757,0.26189787829795025,552.0,80.0,81.0,34.0,181.0
mlp,test,True,recall_with_precision_floor_0_30,0.08,0.6941489361702128,0.6693774375270837,0.6908396946564885,0.8418604651162791,0.7589098532494759,0.8065953654188949,0.7612306803408926,0.7962615123601757,0.26189787829795025,552.0,80.0,81.0,34.0,181.0
mlp,test,True,precision_with_recall_floor_0_80,0.31,0.6941489361702128,0.6756175068611874,0.7032520325203252,0.8046511627906977,0.7505422993492408,0.7820976491862568,0.7612306803408926,0.7962615123601757,0.26189787829795025,456.0,88.0,73.0,42.0,173.0
