model,split,include_survival_months,scenario,threshold,accuracy,balanced_accuracy,precision,recall,f1,f2,roc_auc,pr_auc,brier_score,clinical_utility,true_negatives,false_positives,false_negatives,true_positives
random_forest,test,True,max_f2,0.33,0.7313829787234043,0.6933554817275748,0.6912751677852349,0.958139534883721,0.8031189083820662,0.8894645941278065,0.8095623284703164,0.8268619996877513,0.17934038705501504,866.0,69.0,92.0,9.0,206.0
random_forest,test,True,max_recall,0.18,0.6063829787234043,0.5403726708074534,0.5922865013774105,1.0,0.7439446366782007,0.8789860997547015,0.8095623284703164,0.8268619996877513,0.17934038705501504,927.0,13.0,148.0,0.0,215.0
random_forest,test,True,max_clinical_utility,0.23,0.6382978723404256,0.578419760219558,0.6131805157593123,0.9953488372093023,0.7588652482269503,0.8850289495450786,0.8095623284703164,0.8268619996877513,0.17934038705501504,927.0,26.0,135.0,1.0,214.0
random_forest,test,True,recall_with_precision_floor_0_30,0.18,0.6063829787234043,0.5403726708074534,0.5922865013774105,1.0,0.7439446366782007,0.8789860997547015,0.8095623284703164,0.8268619996877513,0.17934038705501504,927.0,13.0,148.0,0.0,215.0
random_forest,test,True,precision_with_recall_floor_0_80,0.47,0.7313829787234043,0.7190957677307526,0.7456896551724138,0.8046511627906977,0.7740492170022372,0.7921245421245421,0.8095623284703164,0.8268619996877513,0.17934038705501504,470.0,102.0,59.0,42.0,173.0
