model,validation_f2,validation_recall,validation_pr_auc,validation_brier_score,weight
logistic_regression,0.5114200595829196,0.8373983739837398,0.35405590682554333,0.2080430220505667,0.2590812434217706
random_forest,0.5011520737327189,0.7073170731707317,0.31214875975280876,0.16264739606772016,0.25387956528721195
extra_trees,0.49369747899159666,0.7642276422764228,0.3120955612417396,0.15241022624097017,0.25010312821059355
hist_gradient_boosting,0.46770601336302897,0.6829268292682927,0.30189517593299237,0.1316917496796125,0.23693606308042392
