model,selection_split,selection_rule,logistic_regression,random_forest,extra_trees,hist_gradient_boosting,threshold,accuracy,balanced_accuracy,precision,recall,f1,f2,roc_auc,pr_auc,brier_score,clinical_utility,true_negatives,false_positives,false_negatives,true_positives
weighted_soft_voting,validation,max_f2_then_recall_then_pr_auc,0.2590812434217706,0.25387956528721195,0.25010312821059355,0.23693606308042392,0.22,0.5565217391304348,0.6383127101065732,0.22142857142857142,0.7560975609756098,0.3425414364640884,0.5098684210526315,0.6889349831914742,0.33603391183926223,0.1447353012872109,-102.0,355.0,327.0,30.0,93.0
