scenario,threshold,accuracy,balanced_accuracy,precision,recall,f1,f2,roc_auc,pr_auc,brier_score,clinical_utility,true_negatives,false_positives,false_negatives,true_positives
max_f2,0.22,0.5565217391304348,0.6383127101065732,0.22142857142857142,0.7560975609756098,0.3425414364640884,0.5098684210526315,0.6889349831914742,0.33603391183926223,0.1447353012872109,-102.0,355.0,327.0,30.0,93.0
max_recall,0.06,0.20993788819875778,0.533724340175953,0.16205533596837945,1.0,0.2789115646258503,0.49160671462829736,0.6889349831914742,0.33603391183926223,0.1447353012872109,-21.0,46.0,636.0,0.0,123.0
max_clinical_utility,0.07,0.231055900621118,0.542855780463963,0.16486486486486487,0.991869918699187,0.2827346465816918,0.49512987012987014,0.6889349831914742,0.33603391183926223,0.1447353012872109,-16.0,64.0,618.0,1.0,122.0
recall_with_precision_floor_0_30,0.4,0.7552795031055901,0.6356662613546956,0.30319148936170215,0.4634146341463415,0.3665594855305466,0.41911764705882354,0.6889349831914742,0.33603391183926223,0.1447353012872109,-374.0,551.0,131.0,66.0,57.0
precision_with_recall_floor_0_80,0.16,0.453416149068323,0.5974536871468421,0.19223300970873786,0.8048780487804879,0.3103448275862069,0.4915590863952334,0.6889349831914742,0.33603391183926223,0.1447353012872109,-113.0,266.0,416.0,24.0,99.0
