model,split,include_survival_months,scenario,threshold,accuracy,balanced_accuracy,precision,recall,f1,f2,roc_auc,pr_auc,brier_score,clinical_utility,true_negatives,false_positives,false_negatives,true_positives
mlp,test,True,max_f2,0.06,0.8,0.7520205993848795,0.4077669902912621,0.6829268292682927,0.5106382978723404,0.6017191977077364,0.8000143051283887,0.5776979562848537,0.11129486757768006,-14.0,560.0,122.0,39.0,84.0
mlp,test,True,max_recall,0.05,0.7776397515527951,0.7421560212669576,0.37610619469026546,0.6910569105691057,0.4871060171919771,0.5919220055710307,0.8000143051283887,0.5776979562848537,0.11129486757768006,-20.0,541.0,141.0,38.0,85.0
mlp,test,True,max_clinical_utility,0.06,0.8,0.7520205993848795,0.4077669902912621,0.6829268292682927,0.5106382978723404,0.6017191977077364,0.8000143051283887,0.5776979562848537,0.11129486757768006,-14.0,560.0,122.0,39.0,84.0
mlp,test,True,recall_with_precision_floor_0_30,0.05,0.7776397515527951,0.7421560212669576,0.37610619469026546,0.6910569105691057,0.4871060171919771,0.5919220055710307,0.8000143051283887,0.5776979562848537,0.11129486757768006,-20.0,541.0,141.0,38.0,85.0
