model,split,include_survival_months,scenario,threshold,accuracy,balanced_accuracy,precision,recall,f1,f2,roc_auc,pr_auc,brier_score,clinical_utility,true_negatives,false_positives,false_negatives,true_positives
hist_gradient_boosting,test,True,max_f2,0.05,0.7739130434782608,0.7766075388026608,0.38247011952191234,0.7804878048780488,0.5133689839572193,0.6460296096904441,0.8398779295710846,0.6484686372691305,0.08636782468248011,109.0,527.0,155.0,27.0,96.0
hist_gradient_boosting,test,True,max_recall,0.05,0.7739130434782608,0.7766075388026608,0.38247011952191234,0.7804878048780488,0.5133689839572193,0.6460296096904441,0.8398779295710846,0.6484686372691305,0.08636782468248011,109.0,527.0,155.0,27.0,96.0
hist_gradient_boosting,test,True,max_clinical_utility,0.05,0.7739130434782608,0.7766075388026608,0.38247011952191234,0.7804878048780488,0.5133689839572193,0.6460296096904441,0.8398779295710846,0.6484686372691305,0.08636782468248011,109.0,527.0,155.0,27.0,96.0
hist_gradient_boosting,test,True,recall_with_precision_floor_0_30,0.05,0.7739130434782608,0.7766075388026608,0.38247011952191234,0.7804878048780488,0.5133689839572193,0.6460296096904441,0.8398779295710846,0.6484686372691305,0.08636782468248011,109.0,527.0,155.0,27.0,96.0
