model,split,include_survival_months,scenario,threshold,accuracy,balanced_accuracy,precision,recall,f1,f2,roc_auc,pr_auc,brier_score,clinical_utility,true_negatives,false_positives,false_negatives,true_positives
gradient_boosting,validation,True,max_f2,0.17,0.8496894409937888,0.7880099182223494,0.5058823529411764,0.6991869918699187,0.5870307167235495,0.649546827794562,0.8637019288081443,0.7020892804281136,0.07464727459200936,50.0,598.0,84.0,37.0,86.0
gradient_boosting,validation,True,max_recall,0.05,0.577639751552795,0.7107503039839782,0.2528473804100228,0.9024390243902439,0.39501779359430605,0.5961331901181526,0.8637019288081443,0.7020892804281136,0.07464727459200936,131.0,354.0,328.0,12.0,111.0
gradient_boosting,validation,True,max_clinical_utility,0.07,0.6695652173913044,0.7450110864745011,0.29745042492917845,0.8536585365853658,0.4411764705882353,0.621301775147929,0.8637019288081443,0.7020892804281136,0.07464727459200936,133.0,434.0,248.0,18.0,105.0
gradient_boosting,validation,True,recall_with_precision_floor_0_30,0.08,0.7006211180124223,0.7500119209403238,0.315625,0.8211382113821138,0.45598194130925507,0.6219211822660099,0.8637019288081443,0.7020892804281136,0.07464727459200936,110.0,463.0,219.0,22.0,101.0
gradient_boosting,validation,True,precision_with_recall_floor_0_80,0.08,0.7006211180124223,0.7500119209403238,0.315625,0.8211382113821138,0.45598194130925507,0.6219211822660099,0.8637019288081443,0.7020892804281136,0.07464727459200936,110.0,463.0,219.0,22.0,101.0
