model,split,include_survival_months,scenario,threshold,accuracy,balanced_accuracy,precision,recall,f1,f2,roc_auc,pr_auc,brier_score,clinical_utility,true_negatives,false_positives,false_negatives,true_positives
hist_gradient_boosting,test,False,max_f2,0.09,0.6819875776397516,0.6657129914407649,0.27147766323024053,0.6422764227642277,0.38164251207729466,0.5044699872286079,0.6958252866986149,0.28960200113488194,0.1324470834033284,-169.0,470.0,212.0,44.0,79.0
hist_gradient_boosting,test,False,max_recall,0.05,0.5788819875776398,0.6315177741220227,0.2230769230769231,0.7073170731707317,0.3391812865497076,0.4931972789115646,0.6958252866986149,0.28960200113488194,0.1324470834033284,-156.0,379.0,303.0,36.0,87.0
hist_gradient_boosting,test,False,max_clinical_utility,0.06,0.6186335403726708,0.6483143790382185,0.2401129943502825,0.6910569105691057,0.35639412997903563,0.5023640661938534,0.6958252866986149,0.28960200113488194,0.1324470834033284,-148.0,413.0,269.0,38.0,85.0
hist_gradient_boosting,test,False,recall_with_precision_floor_0_30,0.15,0.7503105590062111,0.6460613213170254,0.305,0.4959349593495935,0.37770897832817335,0.4407514450867052,0.6958252866986149,0.28960200113488194,0.1324470834033284,-330.0,543.0,139.0,62.0,61.0
