model,split,include_survival_months,scenario,threshold,accuracy,balanced_accuracy,precision,recall,f1,f2,roc_auc,pr_auc,brier_score,clinical_utility,true_negatives,false_positives,false_negatives,true_positives
logistic_regression,validation,True,max_f2,0.54,0.8248447204968944,0.773347161624109,0.45263157894736844,0.6991869918699187,0.549520766773163,0.6304985337243402,0.8446463057005935,0.6270106026558143,0.14238853387511252,30.0,578.0,104.0,37.0,86.0
logistic_regression,validation,True,max_recall,0.07,0.3130434782608696,0.5912428772381565,0.18100890207715134,0.991869918699187,0.30614805520702637,0.5231560891938251,0.8446463057005935,0.6270106026558143,0.14238853387511252,50.0,130.0,552.0,1.0,122.0
logistic_regression,validation,True,max_clinical_utility,0.15,0.45714285714285713,0.6662911570464678,0.21557971014492755,0.967479674796748,0.35259259259259257,0.5699233716475096,0.8446463057005935,0.6270106026558143,0.14238853387511252,130.0,249.0,433.0,4.0,119.0
logistic_regression,validation,True,recall_with_precision_floor_0_30,0.34,0.6869565217391305,0.738615501990797,0.303951367781155,0.8130081300813008,0.4424778761061947,0.6090133982947625,0.8446463057005935,0.6270106026558143,0.14238853387511252,87.0,453.0,229.0,23.0,100.0
logistic_regression,validation,True,precision_with_recall_floor_0_80,0.34,0.6869565217391305,0.738615501990797,0.303951367781155,0.8130081300813008,0.4424778761061947,0.6090133982947625,0.8446463057005935,0.6270106026558143,0.14238853387511252,87.0,453.0,229.0,23.0,100.0
