model,include_survival_months,threshold,accuracy,balanced_accuracy,precision,recall,f1,f2,roc_auc,pr_auc,brier_score,clinical_utility,true_negatives,false_positives,false_negatives,true_positives
logistic_regression,False,0.5,0.6807453416149069,0.6516522423288749,0.2640845070422535,0.6097560975609756,0.36855036855036855,0.4832474226804124,0.7154471544715447,0.35246510726624997,0.20550244385053074,-218.0,473,209,48,75
random_forest,False,0.5,0.7801242236024845,0.6136780869274968,0.3150684931506849,0.37398373983739835,0.3420074349442379,0.3605015673981191,0.6954199747276066,0.29048461436618656,0.15561390187015572,-486.0,582,100,77,46
mlp,False,0.5,0.7975155279503106,0.5906229883413203,0.32142857142857145,0.2926829268292683,0.30638297872340425,0.2980132450331126,0.6730682116205325,0.3019705664530515,0.1601757931489337,-592.0,606,76,87,36
extra_trees,False,0.5,0.7962732919254658,0.5865579476909139,0.3153153153153153,0.2845528455284553,0.29914529914529914,0.2902155887230514,0.6891435996471402,0.2839685603055814,0.14588924957389113,-605.0,606,76,88,35
hist_gradient_boosting,False,0.5,0.822360248447205,0.5453114941706602,0.32142857142857145,0.14634146341463414,0.2011173184357542,0.16423357664233576,0.6958252866986149,0.28960200113488194,0.1324470834033284,-788.0,644,38,105,18
gradient_boosting,False,0.5,0.8484472049689441,0.5573754857783182,0.5151515151515151,0.13821138211382114,0.21794871794871795,0.1619047619047619,0.7233865007271774,0.35033046640178406,0.11702670417839098,-779.0,666,16,106,17
svm_calibrated,False,0.5,0.8521739130434782,0.5329196767040985,0.6428571428571429,0.07317073170731707,0.13138686131386862,0.08893280632411067,0.7124311565696302,0.3439199643505575,0.11788931102295148,-872.0,677,5,114,9
ada_boost,False,0.5,0.8459627329192546,0.499266862170088,0.0,0.0,0.0,0.0,0.7091588584507547,0.3293182745200882,0.12347602508616665,-985.0,681,1,123,0
