model,split,include_survival_months,scenario,threshold,accuracy,balanced_accuracy,precision,recall,f1,f2,roc_auc,pr_auc,brier_score,clinical_utility,true_negatives,false_positives,false_negatives,true_positives
logistic_regression,test,False,max_f2,0.36,0.577639751552795,0.6707674701380445,0.2385542168674699,0.8048780487804879,0.3680297397769517,0.545755237045204,0.7154471544715447,0.35246510726624997,0.20550244385053074,-13.0,366.0,316.0,24.0,99.0
logistic_regression,test,False,max_recall,0.05,0.15279503105590062,0.5,0.15279503105590062,1.0,0.2650862068965517,0.47417116422513494,0.7154471544715447,0.35246510726624997,0.20550244385053074,-67.0,0.0,682.0,0.0,123.0
logistic_regression,test,False,max_clinical_utility,0.3,0.49813664596273294,0.6505018715876308,0.21616161616161617,0.8699186991869918,0.34627831715210355,0.5420466058763931,0.7154471544715447,0.35246510726624997,0.20550244385053074,19.0,294.0,388.0,16.0,107.0
logistic_regression,test,False,recall_with_precision_floor_0_30,0.6,0.7540372670807454,0.638265026345278,0.3036649214659686,0.4715447154471545,0.36942675159235666,0.424597364568082,0.7154471544715447,0.35246510726624997,0.20550244385053074,-363.0,549.0,133.0,65.0,58.0
logistic_regression,test,False,precision_with_recall_floor_0_80,0.36,0.577639751552795,0.6707674701380445,0.2385542168674699,0.8048780487804879,0.3680297397769517,0.545755237045204,0.7154471544715447,0.35246510726624997,0.20550244385053074,-13.0,366.0,316.0,24.0,99.0
