model,split,include_survival_months,scenario,threshold,accuracy,balanced_accuracy,precision,recall,f1,f2,roc_auc,pr_auc,brier_score,clinical_utility,true_negatives,false_positives,false_negatives,true_positives
hist_gradient_boosting,validation,True,max_f2,0.1,0.8422360248447205,0.7836110912428773,0.48863636363636365,0.6991869918699187,0.5752508361204013,0.6437125748502994,0.8383043654483465,0.6661695471306411,0.08105993656232535,44.0,592.0,90.0,37.0,86.0
hist_gradient_boosting,validation,True,max_recall,0.05,0.7639751552795031,0.7574148248813866,0.3665338645418327,0.7479674796747967,0.4919786096256685,0.6191117092866757,0.8383043654483465,0.6661695471306411,0.08105993656232535,53.0,523.0,159.0,31.0,92.0
hist_gradient_boosting,validation,True,max_clinical_utility,0.06,0.7937888198757764,0.7716782299787808,0.40444444444444444,0.7398373983739838,0.5229885057471264,0.6345885634588564,0.8383043654483465,0.6661695471306411,0.08105993656232535,65.0,548.0,134.0,32.0,91.0
hist_gradient_boosting,validation,True,recall_with_precision_floor_0_30,0.05,0.7639751552795031,0.7574148248813866,0.3665338645418327,0.7479674796747967,0.4919786096256685,0.6191117092866757,0.8383043654483465,0.6661695471306411,0.08105993656232535,53.0,523.0,159.0,31.0,92.0
