model,split,include_survival_months,scenario,threshold,accuracy,balanced_accuracy,precision,recall,f1,f2,roc_auc,pr_auc,brier_score,clinical_utility,true_negatives,false_positives,false_negatives,true_positives
svm_calibrated,test,True,max_f2,0.15,0.7788819875776397,0.7762081873018143,0.3877551020408163,0.7723577235772358,0.5163043478260869,0.6445047489823609,0.8429058484133228,0.613861632001977,0.08781975163541876,101.0,532.0,150.0,28.0,95.0
svm_calibrated,test,True,max_recall,0.05,0.5403726708074534,0.6920880719071121,0.23779193205944799,0.9105691056910569,0.3771043771043771,0.5815160955347871,0.8429058484133228,0.613861632001977,0.08781975163541876,113.0,323.0,359.0,11.0,112.0
svm_calibrated,test,True,max_clinical_utility,0.05,0.5403726708074534,0.6920880719071121,0.23779193205944799,0.9105691056910569,0.3771043771043771,0.5815160955347871,0.8429058484133228,0.613861632001977,0.08781975163541876,113.0,323.0,359.0,11.0,112.0
svm_calibrated,test,True,recall_with_precision_floor_0_30,0.1,0.6906832298136646,0.7441468183010276,0.3079268292682927,0.8211382113821138,0.44789356984478934,0.6158536585365854,0.8429058484133228,0.613861632001977,0.08781975163541876,102.0,455.0,227.0,22.0,101.0
svm_calibrated,test,True,precision_with_recall_floor_0_80,0.11,0.7130434782608696,0.7506794935984551,0.3235294117647059,0.8048780487804879,0.46153846153846156,0.6203007518796992,0.8429058484133228,0.613861632001977,0.08781975163541876,96.0,475.0,207.0,24.0,99.0
