model,split,include_survival_months,scenario,threshold,accuracy,balanced_accuracy,precision,recall,f1,f2,roc_auc,pr_auc,brier_score,clinical_utility,true_negatives,false_positives,false_negatives,true_positives
extra_trees,test,False,max_f2,0.08,0.4248447204968944,0.6105786424433159,0.19424460431654678,0.8780487804878049,0.3181148748159057,0.5152671755725191,0.6891435996471402,0.2839685603055814,0.14588924957389113,-28.0,234.0,448.0,15.0,108.0
extra_trees,test,False,max_recall,0.05,0.32298136645962733,0.5704527573134969,0.1753846153846154,0.926829268292683,0.2949547218628719,0.4991243432574431,0.6891435996471402,0.2839685603055814,0.14588924957389113,-38.0,146.0,536.0,9.0,114.0
extra_trees,test,False,max_clinical_utility,0.08,0.4248447204968944,0.6105786424433159,0.19424460431654678,0.8780487804878049,0.3181148748159057,0.5152671755725191,0.6891435996471402,0.2839685603055814,0.14588924957389113,-28.0,234.0,448.0,15.0,108.0
extra_trees,test,False,recall_with_precision_floor_0_30,0.4,0.7652173913043478,0.6182080442505304,0.30120481927710846,0.4065040650406504,0.3460207612456747,0.3799392097264438,0.6891435996471402,0.2839685603055814,0.14588924957389113,-450.0,566.0,116.0,73.0,50.0
extra_trees,test,False,precision_with_recall_floor_0_80,0.11,0.4832298136645963,0.6217128007057197,0.20404040404040405,0.8211382113821138,0.3268608414239482,0.5116514690982776,0.6891435996471402,0.2839685603055814,0.14588924957389113,-65.0,288.0,394.0,22.0,101.0
