model,split,include_survival_months,scenario,threshold,accuracy,balanced_accuracy,precision,recall,f1,f2,roc_auc,pr_auc,brier_score,clinical_utility,true_negatives,false_positives,false_negatives,true_positives
extra_trees,test,True,max_f2,0.23,0.7316770186335404,0.7483489497651574,0.33568904593639576,0.7723577235772358,0.46798029556650245,0.6129032258064516,0.8138306749636411,0.5046615516604869,0.10685540169975714,63.0,494.0,188.0,28.0,95.0
extra_trees,test,True,max_recall,0.05,0.35031055900621116,0.5965774980330448,0.18454258675078863,0.9512195121951219,0.309114927344782,0.5195381882770871,0.8138306749636411,0.5046615516604869,0.10685540169975714,20.0,165.0,517.0,6.0,117.0
extra_trees,test,True,max_clinical_utility,0.14,0.591304347826087,0.7121510144720216,0.25707547169811323,0.8861788617886179,0.39853747714808047,0.5949781659388647,0.8138306749636411,0.5046615516604869,0.10685540169975714,118.0,367.0,315.0,14.0,109.0
extra_trees,test,True,recall_with_precision_floor_0_30,0.2,0.6906832298136646,0.7374830126600387,0.3055555555555556,0.8048780487804879,0.4429530201342282,0.6066176470588235,0.8138306749636411,0.5046615516604869,0.10685540169975714,78.0,457.0,225.0,24.0,99.0
extra_trees,test,True,precision_with_recall_floor_0_80,0.2,0.6906832298136646,0.7374830126600387,0.3055555555555556,0.8048780487804879,0.4429530201342282,0.6066176470588235,0.8138306749636411,0.5046615516604869,0.10685540169975714,78.0,457.0,225.0,24.0,99.0
