model,split,include_survival_months,scenario,threshold,accuracy,balanced_accuracy,precision,recall,f1,f2,roc_auc,pr_auc,brier_score,clinical_utility,true_negatives,false_positives,false_negatives,true_positives
ada_boost,test,False,max_f2,0.17,0.4906832298136646,0.6294435305056862,0.20773930753564154,0.8292682926829268,0.3322475570032573,0.5188199389623601,0.7091588584507547,0.3293182745200882,0.12347602508616665,-47.0,293.0,389.0,21.0,102.0
ada_boost,test,False,max_recall,0.13,0.24347826086956523,0.5535190615835777,0.1680327868852459,1.0,0.28771929824561404,0.5024509803921569,0.7091588584507547,0.3293182745200882,0.12347602508616665,6.0,73.0,609.0,0.0,123.0
ada_boost,test,False,max_clinical_utility,0.14,0.27577639751552796,0.5692487423407958,0.17329545454545456,0.991869918699187,0.2950423216444982,0.5100334448160535,0.7091588584507547,0.3293182745200882,0.12347602508616665,20.0,100.0,582.0,1.0,122.0
ada_boost,test,False,recall_with_precision_floor_0_30,0.29,0.7701863354037267,0.631136304031662,0.31547619047619047,0.43089430894308944,0.3642611683848797,0.4015151515151515,0.7091588584507547,0.3293182745200882,0.12347602508616665,-410.0,567.0,115.0,70.0,53.0
ada_boost,test,False,precision_with_recall_floor_0_80,0.17,0.4906832298136646,0.6294435305056862,0.20773930753564154,0.8292682926829268,0.3322475570032573,0.5188199389623601,0.7091588584507547,0.3293182745200882,0.12347602508616665,-47.0,293.0,389.0,21.0,102.0
