model,split,include_survival_months,scenario,threshold,accuracy,balanced_accuracy,precision,recall,f1,f2,roc_auc,pr_auc,brier_score,clinical_utility,true_negatives,false_positives,false_negatives,true_positives
mlp,test,False,max_f2,0.06,0.6285714285714286,0.6375199675750423,0.23809523809523808,0.6504065040650406,0.3485838779956427,0.4830917874396135,0.6730682116205325,0.3019705664530515,0.1601757931489337,-200.0,426.0,256.0,43.0,80.0
mlp,test,False,max_recall,0.05,0.6037267080745342,0.6295210166177908,0.22777777777777777,0.6666666666666666,0.33954451345755693,0.4812206572769953,0.6730682116205325,0.3019705664530515,0.1601757931489337,-196.0,404.0,278.0,41.0,82.0
mlp,test,False,max_clinical_utility,0.05,0.6037267080745342,0.6295210166177908,0.22777777777777777,0.6666666666666666,0.33954451345755693,0.4812206572769953,0.6730682116205325,0.3019705664530515,0.1601757931489337,-196.0,404.0,278.0,41.0,82.0
mlp,test,False,recall_with_precision_floor_0_30,0.22,0.7527950310559006,0.650859499797344,0.31,0.5040650406504065,0.38390092879256965,0.4479768786127168,0.6730682116205325,0.3019705664530515,0.1601757931489337,-316.0,544.0,138.0,61.0,62.0
