model,split,include_survival_months,scenario,threshold,accuracy,balanced_accuracy,precision,recall,f1,f2,roc_auc,pr_auc,brier_score,clinical_utility,true_negatives,false_positives,false_negatives,true_positives
gradient_boosting,test,False,max_f2,0.08,0.484472049689441,0.6391054526381041,0.21031746031746032,0.8617886178861789,0.33811802232854865,0.5321285140562249,0.7233865007271774,0.35033046640178406,0.11702670417839098,-4.0,284.0,398.0,17.0,106.0
gradient_boosting,test,False,max_recall,0.05,0.31180124223602484,0.5738502253057721,0.17593984962406015,0.9512195121951219,0.2969543147208122,0.5056179775280899,0.7233865007271774,0.35033046640178406,0.11702670417839098,-11.0,134.0,548.0,6.0,117.0
gradient_boosting,test,False,max_clinical_utility,0.07,0.4372670807453416,0.6279057292039196,0.20108695652173914,0.9024390243902439,0.3288888888888889,0.5316091954022989,0.7233865007271774,0.35033046640178406,0.11702670417839098,18.0,241.0,441.0,12.0,111.0
gradient_boosting,test,False,recall_with_precision_floor_0_30,0.19,0.7590062111801242,0.661188994587893,0.32160804020100503,0.5203252032520326,0.39751552795031053,0.4630969609261939,0.7233865007271774,0.35033046640178406,0.11702670417839098,-287.0,547.0,135.0,59.0,64.0
gradient_boosting,test,False,precision_with_recall_floor_0_80,0.09,0.5254658385093167,0.643307584102234,0.2178649237472767,0.8130081300813008,0.3436426116838488,0.5257623554153522,0.7233865007271774,0.35033046640178406,0.11702670417839098,-43.0,323.0,359.0,23.0,100.0
