model,split,include_survival_months,scenario,threshold,accuracy,balanced_accuracy,precision,recall,f1,f2,roc_auc,pr_auc,brier_score,clinical_utility,true_negatives,false_positives,false_negatives,true_positives
ada_boost,validation,True,max_f2,0.26,0.8099378881987578,0.7812090217676371,0.42924528301886794,0.7398373983739838,0.5432835820895522,0.6463068181818182,0.8480735760436784,0.6499015725461165,0.09836754329272464,78.0,561.0,121.0,32.0,91.0
ada_boost,validation,True,max_recall,0.05,0.15279503105590062,0.5,0.15279503105590062,1.0,0.2650862068965517,0.47417116422513494,0.8480735760436784,0.6499015725461165,0.09836754329272464,-67.0,0.0,682.0,0.0,123.0
ada_boost,validation,True,max_clinical_utility,0.2,0.6409937888198758,0.7281489163865246,0.27925531914893614,0.8536585365853658,0.42084168336673344,0.6048387096774194,0.8480735760436784,0.6499015725461165,0.09836754329272464,110.0,411.0,271.0,18.0,105.0
ada_boost,validation,True,recall_with_precision_floor_0_30,0.23,0.6857142857142857,0.7378823641608849,0.30303030303030304,0.8130081300813008,0.44150110375275936,0.6082725060827251,0.8480735760436784,0.6499015725461165,0.09836754329272464,86.0,452.0,230.0,23.0,100.0
ada_boost,validation,True,precision_with_recall_floor_0_80,0.23,0.6857142857142857,0.7378823641608849,0.30303030303030304,0.8130081300813008,0.44150110375275936,0.6082725060827251,0.8480735760436784,0.6499015725461165,0.09836754329272464,86.0,452.0,230.0,23.0,100.0
