model,split,include_survival_months,threshold,accuracy,balanced_accuracy,precision,recall,f1,f2,roc_auc,pr_auc,brier_score,clinical_utility,true_negatives,false_positives,false_negatives,true_positives
logistic_regression,test,True,0.5,0.7962732919254658,0.7731445056386048,0.4080717488789238,0.7398373983739838,0.5260115606936416,0.6363636363636364,0.8456834275087618,0.6224117920275937,0.14339656595055933,67.0,550,132,32,91
random_forest,test,True,0.5,0.8683229813664596,0.759024151825096,0.5648854961832062,0.6016260162601627,0.5826771653543307,0.593900481540931,0.841952173187421,0.6084805639793924,0.10648742005542032,-79.0,625,57,49,74
gradient_boosting,test,True,0.5,0.906832298136646,0.7284409794244571,0.8529411764705882,0.4715447154471545,0.6073298429319371,0.5178571428571429,0.860936270653029,0.6994951403611939,0.07608272487154673,-240.0,672,10,65,58
mlp,test,True,0.5,0.8621118012422361,0.715375628829602,0.5535714285714286,0.5040650406504065,0.5276595744680851,0.5132450331125827,0.8000143051283887,0.5776979562848537,0.11129486757768006,-228.0,632,50,61,62
hist_gradient_boosting,test,True,0.5,0.8968944099378882,0.7192439739646663,0.7702702702702703,0.4634146341463415,0.5786802030456852,0.5035335689045937,0.8398779295710846,0.6484686372691305,0.08636782468248011,-260.0,665,17,66,57
ada_boost,test,True,0.5,0.8894409937888199,0.6815261187802494,0.7833333333333333,0.3821138211382114,0.5136612021857924,0.4257246376811594,0.8492895119567031,0.6299651349724272,0.10134859601720234,-386.0,669,13,76,47
svm_calibrated,test,True,0.5,0.8894409937888199,0.6781942159597549,0.7931034482758621,0.37398373983739835,0.5082872928176796,0.41818181818181815,0.8429058484133228,0.613861632001977,0.08781975163541876,-398.0,670,12,77,46
extra_trees,test,True,0.5,0.8571428571428571,0.6657964380230312,0.5454545454545454,0.3902439024390244,0.4549763033175355,0.41379310344827586,0.8138306749636411,0.5046615516604869,0.10685540169975714,-400.0,642,40,75,48
