model,split,include_survival_months,scenario,threshold,accuracy,balanced_accuracy,precision,recall,f1,f2,roc_auc,pr_auc,brier_score,clinical_utility,true_negatives,false_positives,false_negatives,true_positives
logistic_regression,validation,False,max_f2,0.3,0.46335403726708074,0.6166464010681163,0.2,0.8373983739837398,0.322884012539185,0.5114200595829196,0.7046944662995017,0.35405590682554333,0.2080430220505667,-57.0,270.0,412.0,20.0,103.0
logistic_regression,validation,False,max_recall,0.1,0.17763975155279504,0.5146627565982405,0.15668789808917197,1.0,0.2709251101321586,0.4815974941268598,0.7046944662995017,0.35405590682554333,0.2080430220505667,-47.0,20.0,662.0,0.0,123.0
logistic_regression,validation,False,max_clinical_utility,0.2,0.2981366459627329,0.5691176119972343,0.17404129793510326,0.959349593495935,0.29463171036204744,0.5042735042735043,0.7046944662995017,0.35405590682554333,0.2080430220505667,-10.0,122.0,560.0,5.0,118.0
logistic_regression,validation,False,recall_with_precision_floor_0_30,0.6,0.7540372670807454,0.644928831986267,0.3076923076923077,0.4878048780487805,0.37735849056603776,0.4366812227074236,0.7046944662995017,0.35405590682554333,0.2080430220505667,-339.0,547.0,135.0,63.0,60.0
logistic_regression,validation,False,precision_with_recall_floor_0_80,0.3,0.46335403726708074,0.6166464010681163,0.2,0.8373983739837398,0.322884012539185,0.5114200595829196,0.7046944662995017,0.35405590682554333,0.2080430220505667,-57.0,270.0,412.0,20.0,103.0
