model,split,include_survival_months,scenario,threshold,accuracy,balanced_accuracy,precision,recall,f1,f2,roc_auc,pr_auc,brier_score,clinical_utility,true_negatives,false_positives,false_negatives,true_positives
random_forest,test,True,max_f2,0.42,0.8409937888198757,0.7862098562334596,0.4860335195530726,0.7073170731707317,0.5761589403973509,0.6482861400894188,0.841952173187421,0.6084805639793924,0.10648742005542032,55.0,590.0,92.0,36.0,87.0
random_forest,test,True,max_recall,0.06,0.3403726708074534,0.5973762010347377,0.18421052631578946,0.967479674796748,0.3094928478543563,0.5228471001757469,0.841952173187421,0.6084805639793924,0.10648742005542032,36.0,155.0,527.0,4.0,119.0
random_forest,test,True,max_clinical_utility,0.23,0.6559006211180124,0.7336146675249744,0.287292817679558,0.8455284552845529,0.4288659793814433,0.6088992974238876,0.841952173187421,0.6084805639793924,0.10648742005542032,110.0,424.0,258.0,19.0,104.0
random_forest,test,True,recall_with_precision_floor_0_30,0.26,0.6819875776397516,0.7390148534916434,0.30149253731343284,0.8211382113821138,0.4410480349344978,0.6106408706166868,0.841952173187421,0.6084805639793924,0.10648742005542032,95.0,448.0,234.0,22.0,101.0
random_forest,test,True,precision_with_recall_floor_0_80,0.28,0.7130434782608696,0.7506794935984551,0.3235294117647059,0.8048780487804879,0.46153846153846156,0.6203007518796992,0.841952173187421,0.6084805639793924,0.10648742005542032,96.0,475.0,207.0,24.0,99.0
