model,split,include_survival_months,scenario,threshold,accuracy,balanced_accuracy,precision,recall,f1,f2,roc_auc,pr_auc,brier_score,clinical_utility,true_negatives,false_positives,false_negatives,true_positives
gradient_boosting,validation,False,max_f2,0.08,0.4745341614906832,0.6299084471783134,0.20588235294117646,0.8536585365853658,0.33175355450236965,0.5239520958083832,0.7090456095176787,0.3513700670203611,0.11769266023029976,-24.0,277.0,405.0,18.0,105.0
gradient_boosting,validation,False,max_recall,0.05,0.29440993788819875,0.5569224900460148,0.17037037037037037,0.9349593495934959,0.2882205513784461,0.49271636675235647,0.7090456095176787,0.3513700670203611,0.11769266023029976,-49.0,122.0,560.0,8.0,115.0
gradient_boosting,validation,False,max_clinical_utility,0.06,0.368944099378882,0.5975788570202418,0.1859706362153344,0.926829268292683,0.30978260869565216,0.5158371040723982,0.7090456095176787,0.3513700670203611,0.11769266023029976,-1.0,183.0,499.0,9.0,114.0
gradient_boosting,validation,False,recall_with_precision_floor_0_30,0.19,0.7478260869565218,0.6512588512981904,0.3058252427184466,0.5121951219512195,0.3829787234042553,0.4512893982808023,0.7090456095176787,0.3513700670203611,0.11769266023029976,-308.0,539.0,143.0,60.0,63.0
gradient_boosting,validation,False,precision_with_recall_floor_0_80,0.09,0.5192546583850932,0.6363099921321794,0.21428571428571427,0.8048780487804879,0.3384615384615385,0.5188679245283019,0.7090456095176787,0.3513700670203611,0.11769266023029976,-60.0,319.0,363.0,24.0,99.0
