model,split,include_survival_months,threshold,accuracy,balanced_accuracy,precision,recall,f1,f2,roc_auc,pr_auc,brier_score,clinical_utility,true_negatives,false_positives,false_negatives,true_positives
logistic_regression,validation,False,0.5,0.684472049689441,0.6538516558186109,0.2669039145907473,0.6097560975609756,0.3712871287128713,0.4851228978007762,0.7046944662995017,0.35405590682554333,0.2080430220505667,-215.0,476,206,48,75
random_forest,validation,False,0.5,0.7639751552795031,0.6041472951386405,0.2893081761006289,0.37398373983739835,0.3262411347517731,0.3533026113671275,0.6816751305342966,0.31214875975280876,0.16264739606772016,-499.0,569,113,77,46
extra_trees,validation,False,0.5,0.7813664596273292,0.5844240993729586,0.29133858267716534,0.3008130081300813,0.296,0.2988691437802908,0.6646341463414633,0.3120955612417396,0.15241022624097017,-593.0,592,90,86,37
mlp,validation,False,0.5,0.7875776397515528,0.5814259828815297,0.2966101694915254,0.2845528455284553,0.29045643153526973,0.28688524590163933,0.5826478792647163,0.28001995825406817,0.17324116131639325,-612.0,599,83,88,35
hist_gradient_boosting,validation,False,0.5,0.8409937888198757,0.5762999785423074,0.4528301886792453,0.1951219512195122,0.2727272727272727,0.22018348623853212,0.6614929785661492,0.30189517593299237,0.1316917496796125,-701.0,653,29,99,24
gradient_boosting,validation,False,0.5,0.8509316770186336,0.5721693727201201,0.5384615384615384,0.17073170731707318,0.25925925925925924,0.1977401129943503,0.7090456095176787,0.3513700670203611,0.11769266023029976,-729.0,664,18,102,21
svm_calibrated,validation,False,0.5,0.8496894409937888,0.5281214982237799,0.5714285714285714,0.06504065040650407,0.11678832116788321,0.07905138339920949,0.7052189876737478,0.3599918396440525,0.11700458451427684,-886.0,676,6,115,8
ada_boost,validation,False,0.5,0.8484472049689441,0.5107288462913955,0.6,0.024390243902439025,0.046875,0.030181086519114688,0.6963617290131845,0.32238317655280296,0.12482258674519439,-947.0,680,2,120,3
