model,split,include_survival_months,scenario,threshold,accuracy,balanced_accuracy,precision,recall,f1,f2,roc_auc,pr_auc,brier_score,clinical_utility,true_negatives,false_positives,false_negatives,true_positives
svm_calibrated,test,False,max_f2,0.09,0.5043478260869565,0.654167560737191,0.21836734693877552,0.8699186991869918,0.34910277324632955,0.544806517311609,0.7124311565696302,0.3439199643505575,0.11788931102295148,24.0,299.0,383.0,16.0,107.0
svm_calibrated,test,False,max_recall,0.05,0.23354037267080746,0.5309944448418091,0.16164383561643836,0.959349593495935,0.27667057444314186,0.4828150572831424,0.7124311565696302,0.3439199643505575,0.11788931102295148,-62.0,70.0,612.0,5.0,118.0
svm_calibrated,test,False,max_clinical_utility,0.09,0.5043478260869565,0.654167560737191,0.21836734693877552,0.8699186991869918,0.34910277324632955,0.544806517311609,0.7124311565696302,0.3439199643505575,0.11788931102295148,24.0,299.0,383.0,16.0,107.0
svm_calibrated,test,False,recall_with_precision_floor_0_30,0.21,0.7527950310559006,0.6408637913358606,0.30412371134020616,0.4796747967479675,0.3722397476340694,0.43002915451895046,0.7124311565696302,0.3439199643505575,0.11788931102295148,-352.0,547.0,135.0,64.0,59.0
svm_calibrated,test,False,precision_with_recall_floor_0_80,0.1,0.5366459627329192,0.6532377273919368,0.2234513274336283,0.8211382113821138,0.35130434782608694,0.534957627118644,0.7124311565696302,0.3439199643505575,0.11788931102295148,-22.0,331.0,351.0,22.0,101.0
