model,split,include_survival_months,scenario,threshold,accuracy,balanced_accuracy,precision,recall,f1,f2,roc_auc,pr_auc,brier_score,clinical_utility,true_negatives,false_positives,false_negatives,true_positives
mlp,validation,False,max_f2,0.06,0.5366459627329192,0.5499487399566078,0.1794871794871795,0.5691056910569106,0.2729044834307992,0.3968253968253968,0.5826478792647163,0.28001995825406817,0.17324116131639325,-394.0,362.0,320.0,53.0,70.0
mlp,validation,False,max_recall,0.05,0.5217391304347826,0.5444829888181579,0.17574257425742573,0.5772357723577236,0.269449715370019,0.39620535714285715,0.5826478792647163,0.28001995825406817,0.17324116131639325,-394.0,349.0,333.0,52.0,71.0
mlp,validation,False,max_clinical_utility,0.06,0.5366459627329192,0.5499487399566078,0.1794871794871795,0.5691056910569106,0.2729044834307992,0.3968253968253968,0.5826478792647163,0.28001995825406817,0.17324116131639325,-394.0,362.0,320.0,53.0,70.0
mlp,validation,False,recall_with_precision_floor_0_30,0.48,0.7863354037267081,0.5873566506926067,0.3008130081300813,0.3008130081300813,0.3008130081300813,0.3008130081300813,0.5826478792647163,0.28001995825406817,0.17324116131639325,-589.0,596.0,86.0,86.0,37.0
