model,split,include_survival_months,threshold,accuracy,balanced_accuracy,precision,recall,f1,f2,roc_auc,pr_auc,brier_score,clinical_utility,true_negatives,false_positives,false_negatives,true_positives
logistic_regression,validation,True,0.5,0.7975155279503106,0.7638819350070334,0.4074074074074074,0.7154471544715447,0.5191740412979351,0.6214689265536724,0.8446463057005935,0.6270106026558143,0.14238853387511252,32.0,554,128,35,88
gradient_boosting,validation,True,0.5,0.915527950310559,0.7635600696182915,0.8481012658227848,0.5447154471544715,0.6633663366336634,0.5866900175131349,0.8637019288081443,0.7020892804281136,0.07464727459200936,-125.0,670,12,56,67
random_forest,validation,True,0.5,0.8484472049689441,0.743962043726009,0.503448275862069,0.5934959349593496,0.5447761194029851,0.5729984301412873,0.8297391698257159,0.6060002253125202,0.11182924028498273,-107.0,610,72,50,73
hist_gradient_boosting,validation,True,0.5,0.9105590062111801,0.7472999070166655,0.84,0.5121951219512195,0.6363636363636364,0.5555555555555556,0.8383043654483465,0.6661695471306411,0.08105993656232535,-177.0,670,12,60,63
ada_boost,validation,True,0.5,0.901863354037267,0.7155127196433255,0.8333333333333334,0.44715447154471544,0.582010582010582,0.492831541218638,0.8480735760436784,0.6499015725461165,0.09836754329272464,-280.0,671,11,68,55
extra_trees,validation,True,0.5,0.8583850931677018,0.6965167012373936,0.5428571428571428,0.4634146341463415,0.5,0.47738693467336685,0.8152433063920083,0.534186396584948,0.10863770717386817,-291.0,634,48,66,57
mlp,validation,True,0.5,0.853416149068323,0.6935841499177455,0.5229357798165137,0.4634146341463415,0.49137931034482757,0.47420965058236275,0.7770188112438311,0.5532264632937138,0.11914586033804903,-295.0,630,52,66,57
svm_calibrated,validation,True,0.5,0.8956521739130435,0.6985194192117874,0.8095238095238095,0.4146341463414634,0.5483870967741935,0.4594594594594595,0.843215792861741,0.6243414723377576,0.08722389167899625,-333.0,670,12,72,51
