model,split,include_survival_months,scenario,threshold,accuracy,balanced_accuracy,precision,recall,f1,f2,roc_auc,pr_auc,brier_score,clinical_utility,true_negatives,false_positives,false_negatives,true_positives
gradient_boosting,test,True,max_f2,0.11,0.7875776397515528,0.7880039577521875,0.40082644628099173,0.7886178861788617,0.5315068493150685,0.6607629427792916,0.860936270653029,0.6994951403611939,0.07608272487154673,132.0,537.0,145.0,26.0,97.0
gradient_boosting,test,True,max_recall,0.05,0.577639751552795,0.7107503039839782,0.2528473804100228,0.9024390243902439,0.39501779359430605,0.5961331901181526,0.860936270653029,0.6994951403611939,0.07608272487154673,131.0,354.0,328.0,12.0,111.0
gradient_boosting,test,True,max_clinical_utility,0.11,0.7875776397515528,0.7880039577521875,0.40082644628099173,0.7886178861788617,0.5315068493150685,0.6607629427792916,0.860936270653029,0.6994951403611939,0.07608272487154673,132.0,537.0,145.0,26.0,97.0
gradient_boosting,test,True,recall_with_precision_floor_0_30,0.08,0.7080745341614907,0.7544107479197959,0.321656050955414,0.8211382113821138,0.4622425629290618,0.6265508684863523,0.860936270653029,0.6994951403611939,0.07608272487154673,116.0,469.0,213.0,22.0,101.0
gradient_boosting,test,True,precision_with_recall_floor_0_80,0.09,0.737888198757764,0.76867415301719,0.3472222222222222,0.8130081300813008,0.48661800486618007,0.6410256410256411,0.860936270653029,0.6994951403611939,0.07608272487154673,128.0,494.0,188.0,23.0,100.0
