model,split,include_survival_months,scenario,threshold,accuracy,balanced_accuracy,precision,recall,f1,f2,roc_auc,pr_auc,brier_score,clinical_utility,true_negatives,false_positives,false_negatives,true_positives
extra_trees,validation,False,max_f2,0.13,0.5093167701863354,0.6137853753904108,0.20434782608695654,0.7642276422764228,0.32246998284734135,0.49369747899159666,0.6646341463414633,0.3120955612417396,0.15241022624097017,-128.0,316.0,366.0,29.0,94.0
extra_trees,validation,False,max_recall,0.06,0.36149068322981365,0.5731886131178028,0.17792421746293247,0.8780487804878049,0.2958904109589041,0.4913557779799818,0.6646341463414633,0.3120955612417396,0.15241022624097017,-79.0,183.0,499.0,15.0,108.0
extra_trees,validation,False,max_clinical_utility,0.06,0.36149068322981365,0.5731886131178028,0.17792421746293247,0.8780487804878049,0.2958904109589041,0.4913557779799818,0.6646341463414633,0.3120955612417396,0.15241022624097017,-79.0,183.0,499.0,15.0,108.0
extra_trees,validation,False,recall_with_precision_floor_0_30,0.53,0.7913043478260869,0.5836253963712658,0.30434782608695654,0.2845528455284553,0.29411764705882354,0.2883031301482702,0.6646341463414633,0.3120955612417396,0.15241022624097017,-609.0,602.0,80.0,88.0,35.0
extra_trees,validation,False,precision_with_recall_floor_0_80,0.08,0.4074534161490683,0.5769913930810863,0.18165467625899281,0.8211382113821138,0.2974963181148748,0.4818702290076336,0.6646341463414633,0.3120955612417396,0.15241022624097017,-126.0,227.0,455.0,22.0,101.0
