model,split,include_survival_months,scenario,threshold,accuracy,balanced_accuracy,precision,recall,f1,f2,roc_auc,pr_auc,brier_score,clinical_utility,true_negatives,false_positives,false_negatives,true_positives
random_forest,test,False,max_f2,0.11,0.38509316770186336,0.6071096488090981,0.19,0.926829268292683,0.3153526970954357,0.521978021978022,0.6954199747276066,0.29048461436618656,0.15561390187015572,12.0,196.0,486.0,9.0,114.0
random_forest,test,False,max_recall,0.05,0.23975155279503105,0.5379920368118637,0.16368638239339753,0.967479674796748,0.28,0.48810500410172275,0.6954199747276066,0.29048461436618656,0.15561390187015572,-45.0,74.0,608.0,4.0,119.0
random_forest,test,False,max_clinical_utility,0.11,0.38509316770186336,0.6071096488090981,0.19,0.926829268292683,0.3153526970954357,0.521978021978022,0.6954199747276066,0.29048461436618656,0.15561390187015572,12.0,196.0,486.0,9.0,114.0
random_forest,test,False,recall_with_precision_floor_0_30,0.45,0.7714285714285715,0.645197053143552,0.32571428571428573,0.4634146341463415,0.3825503355704698,0.4272863568215892,0.6954199747276066,0.29048461436618656,0.15561390187015572,-361.0,564.0,118.0,66.0,57.0
random_forest,test,False,precision_with_recall_floor_0_80,0.19,0.4906832298136646,0.6261116276851918,0.2065439672801636,0.8211382113821138,0.3300653594771242,0.5147808358817533,0.6954199747276066,0.29048461436618656,0.15561390187015572,-59.0,294.0,388.0,22.0,101.0
