model,split,include_survival_months,scenario,threshold,accuracy,balanced_accuracy,precision,recall,f1,f2,roc_auc,pr_auc,brier_score,clinical_utility,true_negatives,false_positives,false_negatives,true_positives
svm_calibrated,validation,False,max_f2,0.09,0.4645962732919255,0.6107157332570393,0.1980392156862745,0.8211382113821138,0.31911532385466035,0.5039920159680639,0.7052189876737478,0.3599918396440525,0.11700458451427684,-80.0,273.0,409.0,22.0,101.0
svm_calibrated,validation,False,max_recall,0.05,0.22857142857142856,0.5380576019836445,0.1635135135135135,0.983739837398374,0.28041714947856317,0.49107142857142855,0.7052189876737478,0.3599918396440525,0.11700458451427684,-30.0,63.0,619.0,2.0,121.0
svm_calibrated,validation,False,max_clinical_utility,0.06,0.2894409937888199,0.5606537443673557,0.17130307467057102,0.9512195121951219,0.2903225806451613,0.4978723404255319,0.7052189876737478,0.3599918396440525,0.11700458451427684,-29.0,116.0,566.0,6.0,117.0
svm_calibrated,validation,False,recall_with_precision_floor_0_30,0.2,0.7490683229813665,0.6586557947690914,0.31100478468899523,0.5284552845528455,0.39156626506024095,0.463623395149786,0.7052189876737478,0.3599918396440525,0.11700458451427684,-283.0,538.0,144.0,58.0,65.0
svm_calibrated,validation,False,precision_with_recall_floor_0_80,0.09,0.4645962732919255,0.6107157332570393,0.1980392156862745,0.8211382113821138,0.31911532385466035,0.5039920159680639,0.7052189876737478,0.3599918396440525,0.11700458451427684,-80.0,273.0,409.0,22.0,101.0
