model,split,include_survival_months,scenario,threshold,accuracy,balanced_accuracy,precision,recall,f1,f2,roc_auc,pr_auc,brier_score,clinical_utility,true_negatives,false_positives,false_negatives,true_positives
random_forest,validation,False,max_f2,0.28,0.5962732919254659,0.6417817037407911,0.23138297872340424,0.7073170731707317,0.3486973947895792,0.5011520737327189,0.6816751305342966,0.31214875975280876,0.16264739606772016,-142.0,393.0,289.0,36.0,87.0
random_forest,validation,False,max_recall,0.05,0.22981366459627328,0.5321269341725675,0.1619047619047619,0.967479674796748,0.2773892773892774,0.4849225753871231,0.6816751305342966,0.31214875975280876,0.16264739606772016,-53.0,66.0,616.0,4.0,119.0
random_forest,validation,False,max_clinical_utility,0.07,0.28074534161490683,0.5555217795579716,0.16956521739130434,0.9512195121951219,0.2878228782287823,0.4949238578680203,0.6816751305342966,0.31214875975280876,0.16264739606772016,-36.0,109.0,573.0,6.0,117.0
random_forest,validation,False,recall_with_precision_floor_0_30,0.55,0.7875776397515528,0.6014173998044966,0.3153846153846154,0.3333333333333333,0.3241106719367589,0.3295819935691318,0.6816751305342966,0.31214875975280876,0.16264739606772016,-540.0,593.0,89.0,82.0,41.0
random_forest,validation,False,precision_with_recall_floor_0_80,0.16,0.4335403726708075,0.5890553846887443,0.18761726078799248,0.8130081300813008,0.3048780487804878,0.4878048780487805,0.6816751305342966,0.31214875975280876,0.16264739606772016,-117.0,249.0,433.0,23.0,100.0
