model,split,include_survival_months,scenario,threshold,accuracy,balanced_accuracy,precision,recall,f1,f2,roc_auc,pr_auc,brier_score,clinical_utility,true_negatives,false_positives,false_negatives,true_positives
svm_calibrated,validation,True,max_f2,0.19,0.8236024844720496,0.7759459266146913,0.45077720207253885,0.7073170731707317,0.5506329113924051,0.635036496350365,0.843215792861741,0.6243414723377576,0.08722389167899625,41.0,576.0,106.0,36.0,87.0
svm_calibrated,validation,True,max_recall,0.05,0.5167701863354037,0.6848222587797725,0.23076923076923078,0.926829268292683,0.3695299837925446,0.5780933062880325,0.843215792861741,0.6243414723377576,0.08722389167899625,118.0,302.0,380.0,9.0,114.0
svm_calibrated,validation,True,max_clinical_utility,0.05,0.5167701863354037,0.6848222587797725,0.23076923076923078,0.926829268292683,0.3695299837925446,0.5780933062880325,0.843215792861741,0.6243414723377576,0.08722389167899625,118.0,302.0,380.0,9.0,114.0
svm_calibrated,validation,True,recall_with_precision_floor_0_30,0.1,0.6881987577639752,0.7360167370002146,0.30368098159509205,0.8048780487804879,0.44097995545657015,0.6051344743276283,0.843215792861741,0.6243414723377576,0.08722389167899625,76.0,455.0,227.0,24.0,99.0
svm_calibrated,validation,True,precision_with_recall_floor_0_80,0.1,0.6881987577639752,0.7360167370002146,0.30368098159509205,0.8048780487804879,0.44097995545657015,0.6051344743276283,0.843215792861741,0.6243414723377576,0.08722389167899625,76.0,455.0,227.0,24.0,99.0
