model,split,include_survival_months,scenario,threshold,accuracy,balanced_accuracy,precision,recall,f1,f2,roc_auc,pr_auc,brier_score,clinical_utility,true_negatives,false_positives,false_negatives,true_positives
ada_boost,test,True,max_f2,0.24,0.7490683229813665,0.7686085878454092,0.3563636363636364,0.7967479674796748,0.49246231155778897,0.6388526727509778,0.8492895119567031,0.6299651349724272,0.10134859601720234,113.0,505.0,177.0,25.0,98.0
ada_boost,test,True,max_recall,0.05,0.15279503105590062,0.5,0.15279503105590062,1.0,0.2650862068965517,0.47417116422513494,0.8492895119567031,0.6299651349724272,0.10134859601720234,-67.0,0.0,682.0,0.0,123.0
ada_boost,test,True,max_clinical_utility,0.19,0.5801242236024845,0.7088846768233078,0.25287356321839083,0.8943089430894309,0.3942652329749104,0.593311758360302,0.8492895119567031,0.6299651349724272,0.10134859601720234,121.0,357.0,325.0,13.0,110.0
ada_boost,test,True,recall_with_precision_floor_0_30,0.23,0.6832298136645962,0.7397479913215554,0.3023952095808383,0.8211382113821138,0.4420131291028446,0.6113801452784504,0.8492895119567031,0.6299651349724272,0.10134859601720234,96.0,449.0,233.0,22.0,101.0
ada_boost,test,True,precision_with_recall_floor_0_80,0.23,0.6832298136645962,0.7397479913215554,0.3023952095808383,0.8211382113821138,0.4420131291028446,0.6113801452784504,0.8492895119567031,0.6299651349724272,0.10134859601720234,96.0,449.0,233.0,22.0,101.0
