model,split,include_survival_months,scenario,threshold,accuracy,balanced_accuracy,precision,recall,f1,f2,roc_auc,pr_auc,brier_score,clinical_utility,true_negatives,false_positives,false_negatives,true_positives
mlp,validation,True,max_f2,0.08,0.7888198757763976,0.72209903917221,0.38308457711442784,0.6260162601626016,0.47530864197530864,0.5555555555555556,0.7770188112438311,0.5532264632937138,0.11914586033804903,-107.0,558.0,124.0,46.0,77.0
mlp,validation,True,max_recall,0.05,0.7577639751552795,0.7104343990653983,0.34347826086956523,0.6422764227642277,0.4475920679886686,0.5470914127423823,0.7770188112438311,0.5532264632937138,0.11914586033804903,-108.0,531.0,151.0,44.0,79.0
mlp,validation,True,max_clinical_utility,0.08,0.7888198757763976,0.72209903917221,0.38308457711442784,0.6260162601626016,0.47530864197530864,0.5555555555555556,0.7770188112438311,0.5532264632937138,0.11914586033804903,-107.0,558.0,124.0,46.0,77.0
mlp,validation,True,recall_with_precision_floor_0_30,0.05,0.7577639751552795,0.7104343990653983,0.34347826086956523,0.6422764227642277,0.4475920679886686,0.5470914127423823,0.7770188112438311,0.5532264632937138,0.11914586033804903,-108.0,531.0,151.0,44.0,79.0
