model,split,include_survival_months,scenario,threshold,accuracy,balanced_accuracy,precision,recall,f1,f2,roc_auc,pr_auc,brier_score,clinical_utility,true_negatives,false_positives,false_negatives,true_positives
extra_trees,validation,True,max_f2,0.17,0.6434782608695652,0.7396109005078321,0.28421052631578947,0.8780487804878049,0.4294234592445328,0.6192660550458715,0.8152433063920083,0.534186396584948,0.10863770717386817,148.0,410.0,272.0,15.0,108.0
extra_trees,validation,True,max_recall,0.05,0.35403726708074534,0.5987769115227809,0.18541996830427893,0.9512195121951219,0.3103448275862069,0.5209260908281389,0.8152433063920083,0.534186396584948,0.10863770717386817,23.0,168.0,514.0,6.0,117.0
extra_trees,validation,True,max_clinical_utility,0.14,0.5838509316770186,0.7210797987745273,0.2579908675799087,0.9186991869918699,0.4028520499108734,0.6075268817204301,0.8152433063920083,0.534186396584948,0.10863770717386817,160.0,357.0,325.0,10.0,113.0
extra_trees,validation,True,recall_with_precision_floor_0_30,0.21,0.684472049689441,0.7371492263309729,0.3021148036253776,0.8130081300813008,0.44052863436123346,0.6075334143377886,0.8152433063920083,0.534186396584948,0.10863770717386817,85.0,451.0,231.0,23.0,100.0
extra_trees,validation,True,precision_with_recall_floor_0_80,0.21,0.684472049689441,0.7371492263309729,0.3021148036253776,0.8130081300813008,0.44052863436123346,0.6075334143377886,0.8152433063920083,0.534186396584948,0.10863770717386817,85.0,451.0,231.0,23.0,100.0
