model,split,include_survival_months,scenario,threshold,accuracy,balanced_accuracy,precision,recall,f1,f2,roc_auc,pr_auc,brier_score,clinical_utility,true_negatives,false_positives,false_negatives,true_positives
ada_boost,validation,False,max_f2,0.15,0.3453416149068323,0.5869811410724077,0.18138801261829654,0.9349593495934959,0.3038309114927345,0.5106571936056838,0.6963617290131845,0.32238317655280296,0.12482258674519439,-8.0,163.0,519.0,8.0,115.0
ada_boost,validation,False,max_recall,0.12,0.18633540372670807,0.5197947214076246,0.15809768637532134,1.0,0.2730299667036626,0.484251968503937,0.6963617290131845,0.32238317655280296,0.12482258674519439,-40.0,27.0,655.0,0.0,123.0
ada_boost,validation,False,max_clinical_utility,0.15,0.3453416149068323,0.5869811410724077,0.18138801261829654,0.9349593495934959,0.3038309114927345,0.5106571936056838,0.6963617290131845,0.32238317655280296,0.12482258674519439,-8.0,163.0,519.0,8.0,115.0
ada_boost,validation,False,recall_with_precision_floor_0_30,0.31,0.7788819875776397,0.6062811434565959,0.3076923076923077,0.35772357723577236,0.3308270676691729,0.3464566929133858,0.6963617290131845,0.32238317655280296,0.12482258674519439,-511.0,583.0,99.0,79.0,44.0
ada_boost,validation,False,precision_with_recall_floor_0_80,0.17,0.48074534161490684,0.6202465250458956,0.20321931589537223,0.8211382113821138,0.3258064516129032,0.5106167846309403,0.6963617290131845,0.32238317655280296,0.12482258674519439,-67.0,286.0,396.0,22.0,101.0
