model,split,include_survival_months,scenario,threshold,accuracy,balanced_accuracy,precision,recall,f1,f2,roc_auc,pr_auc,brier_score,clinical_utility,true_negatives,false_positives,false_negatives,true_positives
random_forest,validation,True,max_f2,0.39,0.8074534161490683,0.766415134825835,0.4223300970873786,0.7073170731707317,0.5288753799392097,0.6232091690544412,0.8297391698257159,0.6060002253125202,0.11182924028498273,28.0,563.0,119.0,36.0,87.0
random_forest,validation,True,max_recall,0.05,0.3204968944099379,0.5856459957561453,0.1797583081570997,0.967479674796748,0.30318471337579617,0.5155979202772963,0.8297391698257159,0.6060002253125202,0.11182924028498273,20.0,139.0,543.0,4.0,119.0
random_forest,validation,True,max_clinical_utility,0.21,0.6236024844720497,0.7178849867677563,0.2692307692307692,0.8536585365853658,0.4093567251461988,0.5952380952380952,0.8297391698257159,0.6060002253125202,0.11182924028498273,96.0,397.0,285.0,18.0,105.0
random_forest,validation,True,recall_with_precision_floor_0_30,0.28,0.7031055900621118,0.7348186824976755,0.3116883116883117,0.7804878048780488,0.44547563805104406,0.6,0.8297391698257159,0.6060002253125202,0.11182924028498273,52.0,470.0,212.0,27.0,96.0
random_forest,validation,True,precision_with_recall_floor_0_80,0.25,0.675776397515528,0.7353491643420833,0.29705882352941176,0.8211382113821138,0.43628509719222464,0.6069711538461539,0.8297391698257159,0.6060002253125202,0.11182924028498273,90.0,443.0,239.0,22.0,101.0
