model,split,include_survival_months,scenario,threshold,accuracy,balanced_accuracy,precision,recall,f1,f2,roc_auc,pr_auc,brier_score,clinical_utility,true_negatives,false_positives,false_negatives,true_positives
logistic_regression,test,True,max_f2,0.45,0.7739130434782608,0.7799394416231552,0.383399209486166,0.7886178861788617,0.5159574468085106,0.6510067114093959,0.8456834275087618,0.6224117920275937,0.14339656595055933,121.0,526.0,156.0,26.0,97.0
logistic_regression,test,True,max_recall,0.07,0.33291925465838507,0.6029730825167489,0.18541033434650456,0.991869918699187,0.31241997439180536,0.5304347826086957,0.8456834275087618,0.6224117920275937,0.14339656595055933,66.0,146.0,536.0,1.0,122.0
logistic_regression,test,True,max_clinical_utility,0.45,0.7739130434782608,0.7799394416231552,0.383399209486166,0.7886178861788617,0.5159574468085106,0.6510067114093959,0.8456834275087618,0.6224117920275937,0.14339656595055933,121.0,526.0,156.0,26.0,97.0
logistic_regression,test,True,recall_with_precision_floor_0_30,0.34,0.6894409937888198,0.74674558329161,0.3081570996978852,0.8292682926829268,0.44933920704845814,0.6196840826245443,0.8456834275087618,0.6224117920275937,0.14339656595055933,113.0,453.0,229.0,21.0,102.0
logistic_regression,test,True,precision_with_recall_floor_0_80,0.38,0.7204968944099379,0.7550783205779272,0.33,0.8048780487804879,0.46808510638297873,0.625,0.8456834275087618,0.6224117920275937,0.14339656595055933,102.0,481.0,201.0,24.0,99.0
