model,split,include_survival_months,scenario,threshold,accuracy,balanced_accuracy,precision,recall,f1,f2,roc_auc,pr_auc,brier_score,clinical_utility,true_negatives,false_positives,false_negatives,true_positives
hist_gradient_boosting,validation,False,max_f2,0.05,0.5515527950310559,0.6053930334024749,0.20689655172413793,0.6829268292682927,0.31758034026465026,0.46770601336302897,0.6614929785661492,0.30189517593299237,0.1316917496796125,-214.0,360.0,322.0,39.0,84.0
hist_gradient_boosting,validation,False,max_recall,0.05,0.5515527950310559,0.6053930334024749,0.20689655172413793,0.6829268292682927,0.31758034026465026,0.46770601336302897,0.6614929785661492,0.30189517593299237,0.1316917496796125,-214.0,360.0,322.0,39.0,84.0
hist_gradient_boosting,validation,False,max_clinical_utility,0.05,0.5515527950310559,0.6053930334024749,0.20689655172413793,0.6829268292682927,0.31758034026465026,0.46770601336302897,0.6614929785661492,0.30189517593299237,0.1316917496796125,-214.0,360.0,322.0,39.0,84.0
hist_gradient_boosting,validation,False,recall_with_precision_floor_0_30,0.18,0.7639751552795031,0.620806809241113,0.30177514792899407,0.4146341463414634,0.3493150684931507,0.3857791225416036,0.6614929785661492,0.30189517593299237,0.1316917496796125,-439.0,564.0,118.0,72.0,51.0
